videoId,commentId,author,text,likeCount,publishedAt,sentiment
dMjiD_IJadA,UgxrtcLxT7akF9h98MR4AaABAg,@kevinstreeter6943,So then is Iran leveling whole cities?,42,2026-01-17T14:37:20Z,neutral
dMjiD_IJadA,UgzIPQ2XXqYMKJ0hiYB4AaABAg,@bornaseki4195,May I finish my bullshit lies please good sir.,35,2026-01-17T14:25:50Z,neutral
dMjiD_IJadA,Ugz2iHyyF-I7CcQGvtR4AaABAg,@kevinstreeter6943,Israel is putting people in prison for social media posts.,26,2026-01-17T14:40:06Z,neutral
dMjiD_IJadA,UgzoSyD1Bi9z80MqccZ4AaABAg,@SplatTheCat,"More than 300,000 civilians have been murdered in Palestine (Gaza). Not 70K.",17,2026-01-17T15:37:17Z,neutral
dMjiD_IJadA,Ugw4oekJ05aD1OiY4al4AaABAg,@ThomasEdwards13,Israel always puts up the Pretty Woman strategy and it fails every time.,6,2026-01-17T15:53:42Z,neutral
dMjiD_IJadA,UgxUczd-rdXHod5-ClV4AaABAg,@ClearSight2C,This person&#39;s name is Lisa.  I&#39;m an iranian and know her name is not.  She totally is an Israelie mouthpiece. I really tried hard to keep myself from calling her what she is.,22,2026-01-17T14:46:12Z,neutral
dMjiD_IJadA,UgxsjkR2r2mhgZcMPqh4AaABAg,@flyingfishnet,lol. â€œthere could be more people killed in the protests than in Gazaâ€ <br>She obviously believes Tehran has been flattened.,21,2026-01-17T14:27:58Z,neutral
dMjiD_IJadA,Ugwjn9g3F2LTRg0RH_94AaABAg,@SplatTheCat,Mark Levin doesn&#39;t care about Iran. He has repeatedly demanded that U.S. bomb Iran.,4,2026-01-17T15:38:42Z,neutral
dMjiD_IJadA,UgzmnOX5AXEHozpZdgR4AaABAg,@airmark02,She wouldn&#39;t survive 10 minutes in Gaza .... just awful,3,2026-01-17T15:46:48Z,neutral
dMjiD_IJadA,UgwM2Zuq_S6fpuVIgOV4AaABAg,@magnusskallagrimsson6707,"Any person advocating for Iranian regime change who only goes back as far as the Shah but ignores Mohammad Mosaddegh, does not not have the best interests of Iran at heart.",4,2026-01-17T15:39:32Z,neutral
dMjiD_IJadA,Ugweo1twvfgTVa3_DVp4AaABAg,@Robert-h1v8e,How come Van Jones doesn&#39;t say the same thing about Palestinians?... &quot;Free these Palestinians!&quot;.,5,2026-01-17T14:57:33Z,neutral
dMjiD_IJadA,Ugw9kxhM91bY5yAKcu14AaABAg,@robertburnett6348,Just saw another photo of a starving Gaza kid. And the shooting of little kids. To be ok with this is just evil.,2,2026-01-17T16:49:25Z,neutral
dMjiD_IJadA,Ugx92ScIq2YEMzs_Mrd4AaABAg,@leonietaylor4227,Bravo Glenn!!!! Thank you for giving us the TRUTHâ¤â¤â¤â¤,0,2026-01-17T17:30:25Z,neutral
dMjiD_IJadA,Ugw3qLlFOeECrLxgii94AaABAg,@jbp4532,"That&#39;s the purpose of the Piers Morgan show, elevate the lowest common denominator talking points so they are the only talking points at the table.",3,2026-01-17T15:02:38Z,neutral
dMjiD_IJadA,UgyiGm_gNyaoSfu0ukt4AaABAg,@resurrectedone7463,"â€œWe create a pretend world. We are a global production company: We write the screenplay, weâ€™re the directors, weâ€™re the producers, weâ€™re the main actors. And the world is our stage,â€ - &quot;Michael&quot; (retired Mossad agent)",21,2026-01-17T14:21:07Z,neutral
dMjiD_IJadA,Ugy33vjStbyf1H30MTN4AaABAg,@bill5129-q7l,The Tiny Hat Mafia is out of control,2,2026-01-17T15:22:02Z,neutral
dMjiD_IJadA,UgzbTHvcRSdpN3zBu_94AaABAg,@kenpentel3396,Thank you,1,2026-01-17T16:21:31Z,neutral
dMjiD_IJadA,UgylQ3XJVrVbqFiVBaN4AaABAg,@khdmhd2947,If PBD had a gender re-assignment surgery = Lisa <br><br>ğŸ˜,2,2026-01-17T16:49:14Z,neutral
dMjiD_IJadA,UgxdyHPhkYnJ76B0-_N4AaABAg,@williamlitsch5506,"Probaby 500,000 dead Palestinians, maybe 5000 valid targets, compared to 500 dead Iranian protesters, probably 300 of which were shooting police and lighting them on fire in their cop cars with flame throwers provided my Mossad.  There is no moral equivalence there.",21,2026-01-17T14:26:42Z,neutral
dMjiD_IJadA,UgzPLknCRQ4urm4e3LN4AaABAg,@misterpryde7303,the Belgians in Congo made no excuses that I know,1,2026-01-17T15:25:24Z,neutral
dMjiD_IJadA,UgzBrceeYTiWWmrqpRt4AaABAg,@Pw2-p4x,I can&#39;t believe Greenwald lowered himself to appear on the panel.  It was nothing but a screaming match as are all Morgan&#39;s shows.  The content is worthless given the length of each episode.,3,2026-01-17T15:12:09Z,neutral
dMjiD_IJadA,UgwGXBzMIykp0NSUsa14AaABAg,@redpillscience1288,Sell out of the year ğŸ˜‚ğŸ˜‚ğŸ˜‚,2,2026-01-17T16:26:08Z,neutral
dMjiD_IJadA,Ugys7eJeSZFtcE-Wk6t4AaABAg,@WaikikiIoKea-t3s,Lies of gods chozen...yaaaaawn...they bore me,2,2026-01-17T16:33:07Z,neutral
dMjiD_IJadA,UgyrC-CWwMcoSxL4p7Z4AaABAg,@philmstud2k,"Another point: 80%+ of Iranians today are under 40.  They didn&#39;t EXIST in the Shah era, they&#39;ve only known the Islamic Republic all their lives.  So, no, it&#39;s inaccurate to say &quot;the same people of Iran who ousted the Shah are supposedly the same ones asking for his return&quot;, because most of the people weren&#39;t around then.  And &quot;brutal dictator&quot; or not (all relative and should be looked at within the context of the times and Iran&#39;s neighbors), the Shah era was certainly not as brutal or murderous as the current Islamic Republic.",3,2026-01-17T16:14:55Z,neutral
dMjiD_IJadA,UgxFnwF2fv4aG4LB07Z4AaABAg,@williamlitsch5506,"I don&#39;t think many Romans or Greeks, or really any ancient empire actually required the justifications for war that we now require. Medieval European wars were too tightly controlled and noble led affairs. Ancient wars allowed their soldiers to r@pe and pillage. <br><br>Everyone knew that the war was for pillage and the soldiers accepted it because they were share holders. War isn&#39;t run that way anymore. Soldiers are told lies and are given abstractions meant to explain why they are paid only as much as construction worker for risking their lives.  They actually have no other stake than ideology.",3,2026-01-17T14:49:37Z,neutral
dMjiD_IJadA,UgyOilqq6nIu6JITLGp4AaABAg,@011258stooie,&quot;Shock and Aur&quot; was an illusion.,0,2026-01-17T17:14:37Z,neutral
dMjiD_IJadA,Ugxcp0NM90f8kf7r-1d4AaABAg,@trevorberenger7913,"Piers needs to regime change himself,pronto.",1,2026-01-17T17:00:28Z,neutral
dMjiD_IJadA,UgzNQJYyV4N_0-Pjnut4AaABAg,@AWolfNamedRemus,ğŸ”¥ğŸ™,0,2026-01-17T15:24:51Z,neutral
dMjiD_IJadA,UgyOOrIjgLjoqoGQUix4AaABAg,@jonathanmurray1573,Stop interrupting my lies! I have to get my check from the star flag state!,1,2026-01-17T16:14:17Z,neutral
dMjiD_IJadA,UgxSHD3Cmf1sTrGHYfB4AaABAg,@rajaratnam9,"Sudan, Kongo, Burma people are being killed daily, so why donâ€™t the UsA help them.",1,2026-01-17T16:42:00Z,neutral
qwK_8WNn-98,UgzEjA1vfzRLDJFpq494AaABAg,@anjumali3069,"building assets on dead bodies of palestinians, may they have nightmares of hell fires",0,2026-01-17T16:43:35Z,neutral
qwK_8WNn-98,UgxjItubx64dy-Dr8wZ4AaABAg,@MikeDone-e2x,"Tony blair belongs in prison.. peace deal? ğŸ˜…ğŸ˜…ğŸ˜… yeah, whatever.",0,2026-01-17T15:53:04Z,neutral
WdRNONBICnM,Ugw6HHYcNHtEwARvYiF4AaABAg,@DailyWorldDecode,"Comment &quot;Peace&quot; if you think this will work, and subscribe for updates!",1,2026-01-17T10:19:51Z,neutral
sqK5FriJbFA,UgwDe0BVzC5OApQiTdV4AaABAg,@Ef80900,Max worked for the real terrorist and now he knows,84,2026-01-17T10:13:35Z,neutral
sqK5FriJbFA,Ugzpgg-jNufqdZtRWD14AaABAg,@jaybruce9620,How can you morally live in a state that exists by destroying native lives <br>Daily since 1948,126,2026-01-17T10:17:20Z,neutral
sqK5FriJbFA,UgwJhNi6JfqGEg8Pdr94AaABAg,@nasimzaira,Under international law Israel has no right to exist.,41,2026-01-17T11:30:40Z,neutral
sqK5FriJbFA,Ugxiqs2V2_Eur7wwGCN4AaABAg,@jiminycrint,This is why everything is wrong with this basket case genocidal state. The guy starts off by saying â€˜I came here toâ€¦â€™ â€¦.join a military and fight for a land he thought was his even though he had zero connection to it other than his ethnicity.,52,2026-01-17T10:27:38Z,neutral
sqK5FriJbFA,UgxBmoN5b8ExIo4P_JB4AaABAg,@IbbBabn,You should ask him how many kids he killed,49,2026-01-17T13:11:25Z,neutral
sqK5FriJbFA,UgxRNJtEUgF5F-iA0W94AaABAg,@navyharoonsilencekhan4327,After mocking the life and blood of the people of Palestinians he now wants peace and tranquility in his life ğŸ˜’ğŸ˜’ğŸ˜’.... cancerous society,20,2026-01-17T11:55:38Z,neutral
sqK5FriJbFA,UgzZrdYMwThwZxt_HTt4AaABAg,@DonaOfelllia,"After killing how many civilians? Mass killing the owners of the lands they are trying to steal since they  invented that country. Killing people, bombing the cities, killing babies, children and women.",25,2026-01-17T11:06:11Z,neutral
sqK5FriJbFA,UgzlXBqsmKsPV92MTrV4AaABAg,@freepalestine7687,I have serious trust issues with anyone who still holds onto the thought that this gâ‚¬nocidal state was anything but built on ethnic cleansing. Make no mistake: Izzy has ALWAYS been like this!!!,25,2026-01-17T11:01:46Z,neutral
sqK5FriJbFA,Ugzv4XS_7hV3JgIP-OV4AaABAg,@harmony3138,"â€œDiscourage Israel from servingâ€<br>Timely movement, this.",17,2026-01-17T10:19:02Z,neutral
sqK5FriJbFA,UgzhL971yi_FpaFhpzt4AaABAg,@fadilkekic2536,Itâ€™s hard to justify living and supporting terror state who kill thousands of children and claim self defense,17,2026-01-17T11:06:03Z,neutral
sqK5FriJbFA,Ugzpk6U5UmCwebmVwZ94AaABAg,@Kohen124,"They sought a war of extermination and lost it, so why are they whining now?",8,2026-01-17T15:04:28Z,neutral
sqK5FriJbFA,Ugyrmjbcqiqwv1d6oBh4AaABAg,@kaiakeenn6430,People who went to Israel for privileges ğŸ™„,9,2026-01-17T13:20:22Z,neutral
sqK5FriJbFA,UgxlCpz7MK1lr97_HkR4AaABAg,@jaybruce9620,Isrl made itself unsafe by existing in  complicity,21,2026-01-17T10:18:20Z,neutral
sqK5FriJbFA,UgwM97YpFK0HUmXVcpB4AaABAg,@bredakearney-or9wg,What was it about Israeli assault on Gaza in 2014 that was too discreet and somehow hidden from you? It was in my face and I live in Ireland.,4,2026-01-17T13:28:50Z,neutral
sqK5FriJbFA,UgyFs97_EpB1zRFabEt4AaABAg,@jawedmanowar657,"When One commit Genocide, they get PTSD for there crimes of Inhumanity they have committed , its an Gid given curse to these Genociders",4,2026-01-17T12:07:59Z,neutral
sqK5FriJbFA,UgxSfpYCuR5uZRsz7st4AaABAg,@AbutaymiyyahMJ,Wonderful to hear,2,2026-01-17T13:24:31Z,neutral
sqK5FriJbFA,UgyEZ6dTBwDaXzbKxOB4AaABAg,@zahiraameen6371,Which country are they planning to occupy in their exodus? Cyprus? Thailand?Sri Lanka?,2,2026-01-17T15:45:17Z,neutral
sqK5FriJbFA,UgyYZzDeBuMkg8WY7yZ4AaABAg,@lionheart6848,"Nice to hear Max, I just hope jou go out of Israel and have a nice Live somewhere else, and for the other ones , get out of Palestine!",7,2026-01-17T10:33:29Z,neutral
sqK5FriJbFA,UgxDTsrg6gIBxtnZENR4AaABAg,@JTPFluteSynergy,"&quot;Fought&quot; in Lebanon and Gaza?<br>In other words, this guy is a criminal who wounded and k ill ed civilians, including children, and wantonly destroyed their homes, schools, farmland, and hospitals.",3,2026-01-17T14:14:20Z,neutral
sqK5FriJbFA,Ugz1WofvJn_txPiLc-B4AaABAg,@islamicwaytrue,"Allah is the best of planners.<br>O Allah, grant justice for the oppressed Palestinians; punish criminals, colonials, murderers, aggressors, oppressors<br>Allah is sufficient for the oppressed. Ameen ya Rabbal &#39;alameen.",6,2026-01-17T11:00:25Z,neutral
sqK5FriJbFA,UgwswXnovLXojmUPl9R4AaABAg,@philoneill9865,This guy is a criminal.,2,2026-01-17T14:36:46Z,neutral
sqK5FriJbFA,UgzXQQ_L2TWC1GCaZql4AaABAg,@Zhenyahavana,"I swear he didn&#39;t change his mind, he just realized everything is going to the end and he will end up in Haag! And it&#39;s just a question of the time!<br>You should ask him how many kids and innocent civilians he killed! <br>Why is he admitting it only more than two years later?! <br>Where was he before?! <br>Is he a little kid not to realize he&#39;s committing crimes and genocide?! <br>Killing innocent civilians in each country and in each mind of psychologically normal person is a crime! <br>He is a war criminal and should be in the jail. Period.",2,2026-01-17T15:29:52Z,neutral
sqK5FriJbFA,Ugzaq_90W30WHqpFBEl4AaABAg,@Ù…Ø­Ù…Ø¯Ø§Ù„Ø§Ù…Ø±ÙŠÙƒÙŠ-Ø¬9Ù…,Ù…Ø§ Ø´Ø§Ø¡ Ø§Ù„Ù„Ù‡<br>Allah guide him,1,2026-01-17T12:40:06Z,neutral
sqK5FriJbFA,UgyvqeO8fX7O9gnNBDh4AaABAg,@SonOfTheChinChin,i thought its their land. why leave,2,2026-01-17T12:13:08Z,neutral
sqK5FriJbFA,UgztlYY7q51jPLAKBFt4AaABAg,@eightynine40,"It&#39;s not exodus or even fleeing. It&#39;s just ditching the occupied land because they don&#39;t have any attachments to it with that &quot;law of return of theirs.&quot; They even stole the oranges as their identity, and now they don&#39;t even bother to show it with pride because it never were theirs to begin with thus they don&#39;t have any sentimental value to it nor the attachments to the STOLEN identity.",1,2026-01-17T15:38:19Z,neutral
sqK5FriJbFA,Ugz5dyvs2TXbs_A7hTl4AaABAg,@redhat7777,Hope israhell wont kill him because of this interview â˜ ï¸,2,2026-01-17T12:15:47Z,neutral
sqK5FriJbFA,UgwLr9YK07khKRyP4Gh4AaABAg,@konkretyn,Fantastic news. Great to see so many of them still have basic morals and a conscience.,0,2026-01-17T17:21:24Z,neutral
sqK5FriJbFA,UgzKZ4R5Q2tbp_3wVDN4AaABAg,@NahidAmar,It never was meant for them to be there . Good riddance,0,2026-01-17T17:06:08Z,neutral
sqK5FriJbFA,UgzD-pT37NYGyK8cpTV4AaABAg,@Lily-k1o7w,"@TRT World when are you going to acknowledge that it is a GENOCIDE, a Slow Motion Genocide! The Western Media is complicit in the ongoing Genocide!",1,2026-01-17T16:19:32Z,neutral
sqK5FriJbFA,UgyMaTyH2cs4GKOomPx4AaABAg,@BCCBMatrimony,"R not they so patriotic with dozens of passport, visa from different country like cyprus,thailand,Argentina, America,Poland",0,2026-01-17T16:06:51Z,neutral
xFvZyOwVjEA,Ugz4QvCez4ouL1YKcCR4AaABAg,@shadon822,Mass deportations now. No foreigner in any position of power,178,2026-01-17T10:46:20Z,neutral
xFvZyOwVjEA,Ugxvj96wpYhEUL4SuB94AaABAg,@Ctrl_alt_deleteandrepeat,"It&#39;s insane the amount of death threats they chant, but you never hear of them being investigated or locked up. Different set of rules for them.",67,2026-01-17T11:54:28Z,neutral
xFvZyOwVjEA,UgyHJCI-l6ovqFkK5154AaABAg,@Fidgester,She can thank her party for that,25,2026-01-17T12:00:12Z,neutral
xFvZyOwVjEA,UgxvF2mp8ibmoXuxAut4AaABAg,@alexislewis3752,Reaping what you sow ğŸ˜,163,2026-01-17T10:18:19Z,neutral
xFvZyOwVjEA,UgydK4_3muH_gmArZqx4AaABAg,@twistedsister2568,Did she report the death threats to the police and did they ignore her,169,2026-01-17T10:14:27Z,neutral
xFvZyOwVjEA,UgwAk9NiKWxyEHH_KEh4AaABAg,@Colin-s5w,Reap what ya sow ...<br>....these politicians are the root of all this,46,2026-01-17T10:55:43Z,neutral
xFvZyOwVjEA,Ugzhd6xzl1-KiA2rvpx4AaABAg,@anuragsinha2013,"Ashamed of nothing, offended by everything.",84,2026-01-17T10:36:23Z,neutral
xFvZyOwVjEA,UgzrWVrOg1iDOHBa_el4AaABAg,@sunboycold9164,and its only just begun,48,2026-01-17T10:39:20Z,neutral
xFvZyOwVjEA,Ugw0OCVOwVNhby9QaDJ4AaABAg,@TonyGubbins,No police investigation then what a surprise,7,2026-01-17T12:26:45Z,neutral
xFvZyOwVjEA,Ugy1Z-Lq4LZlyoQZUcx4AaABAg,@JoaoSoares-rs6ec,"That wasn&#39;t a political campaign but an ideological one,",44,2026-01-17T10:51:11Z,neutral
xFvZyOwVjEA,UgxT5vXkUNmrKHz_9Q94AaABAg,@Slumbert,Normal enrichment.,45,2026-01-17T10:15:59Z,neutral
xFvZyOwVjEA,UgxEQAAsKeBG42CM3vp4AaABAg,@meeemeee432,I reckon it&#39;s the tip of the iceberg been happening in these communities for years,9,2026-01-17T11:21:09Z,neutral
xFvZyOwVjEA,UgypmZCmBATpLgxseN14AaABAg,@Jack-q4k5u,"Ive recently left a majority (guess the religion) University because of the same issues. Take them on their word, they really mean it.",38,2026-01-17T10:29:34Z,neutral
xFvZyOwVjEA,UgzNV5rhrr44bCoDKLZ4AaABAg,@JuePalin-s2n,Ah well.    If she&#39;d won her seat she&#39;d be   calling us racist n welcoming them,7,2026-01-17T12:02:58Z,neutral
xFvZyOwVjEA,UgxAisoHBLOaZJsQ46l4AaABAg,@brendanmcdonnell7483,Hard to feel sorry for her as you reap what you sow.,10,2026-01-17T11:26:57Z,neutral
xFvZyOwVjEA,Ugyh-hhjDGhYKe3NShd4AaABAg,@alecmcdyer3636,Tough luck your party let them in you deserve everything you get .,5,2026-01-17T12:32:02Z,neutral
xFvZyOwVjEA,UgzWsAKx_FFzZc8KOy54AaABAg,@wayne361971,"Only true British people should be in parliament and councils in this country no one else, British only, the ones that made these threats to this lady should be deported never to be let back in again ever, including their families, keep Britain safe.",16,2026-01-17T11:19:07Z,neutral
xFvZyOwVjEA,Ugw35OyVgoSvZZIjja94AaABAg,@Glaswegion,"Well you and your party allowed this to happen,<br>I call that karma.",6,2026-01-17T13:03:02Z,neutral
xFvZyOwVjEA,UgzFxBJDQY3DZMvEj7F4AaABAg,@GotToLaugh,Reap what you sow!,4,2026-01-17T12:05:42Z,neutral
xFvZyOwVjEA,UgyzbM03fzVb4AbpDQJ4AaABAg,@jayj6325,"You reap what you sow, whereas I never voted for this crap, neither did any other half witted individual.",6,2026-01-17T11:23:01Z,neutral
xFvZyOwVjEA,UgwsfU39eTpKEKDUYGx4AaABAg,@john-t_smith7781,Islam doing islamic things,41,2026-01-17T10:30:21Z,neutral
xFvZyOwVjEA,UgyjpnUoJWGrEMDQOMd4AaABAg,@Holcroft1969,"But you have to remember, &#39;THE FAR RIGHT ARE THE PROBLEM&#39;! apparently",6,2026-01-17T12:00:54Z,neutral
xFvZyOwVjEA,Ugw670WUUklxqD3sTSt4AaABAg,@jessicaelliott9857,"We know how they are, yet government after government allows this behaviour.  If police turn up to a crime in Bradford , dozens if not hundreds will turn up to intimate the police. Why aren&#39;t they all arrested?.",6,2026-01-17T11:44:08Z,neutral
xFvZyOwVjEA,Ugy7SKgoXzrorQWUwOB4AaABAg,@davidie1967,"If anyone cannot see that the Islamists are here to conquer and takeover, then they are stupid.  They have infiltrated all our government departments and are dictating policy to suit their agenda.   Hamas are now in Parliament.  Muslims do not go to other countries that have already been conquered by Islam, hence they are coming to the west.  All the muslim men coming over on the boats are soldiers.  The generals are already here.",85,2026-01-17T10:09:47Z,neutral
xFvZyOwVjEA,UgxyrMC6d4W6gigLNQJ4AaABAg,@dianedavison9826,Seen this start in 1970s and of course called racist. <br>This is their new way . Using the empathy votes. Economic terrorism. <br>The Labour party have used them for their own use all these years. Now biting them on the backside.,17,2026-01-17T10:49:48Z,neutral
xFvZyOwVjEA,UgzP3_mIyqrPhPoGxdN4AaABAg,@biddlelove2135,"Ha ha!  Open the floodgates, and eventually the water goes everywhere.",14,2026-01-17T10:17:08Z,neutral
xFvZyOwVjEA,Ugzhpiw8T3ycxz95T9d4AaABAg,@johnmaloney8856,Well her and her party wanted them here all while calling the rest of us who where saying this would happen racists,206,2026-01-17T10:18:27Z,neutral
xFvZyOwVjEA,UgxzkkRmBS1XlBSg05Z4AaABAg,@oldmanandguitar,"2030, we will be deporting or we will becIslamic country, no middle ground left.",5,2026-01-17T11:26:59Z,neutral
xFvZyOwVjEA,UgwtWVuEVxAT7sRCFK14AaABAg,@worldmumble1612,how can labour recognise the palestinian state? Where are the borders? who is head of state? how can you recognise something that doesn&#39;t exist?,15,2026-01-17T10:44:44Z,neutral
xFvZyOwVjEA,UgyfCjjhObWeQBG4yAp4AaABAg,@NoNamesForTheFiringSquad,Be careful what you wish for..,3,2026-01-17T11:34:27Z,neutral
JF4By-g4jiU,UgzR3o3pe7tcBobrR_x4AaABAg,@news_booms,Ğ”Ñ€ÑƒĞ·ÑŒÑ Ğ¿Ğ¾Ğ¼Ğ¾Ğ³Ğ¸Ñ‚Ğµ Ğ¿ÑƒÑÑ‚ÑŒ ĞºĞ°Ğ¶Ğ´Ñ‹Ğ¹ ÑƒÑĞ»Ñ‹ÑˆĞ¸Ñ‚ Ğ¿Ğ¾Ğ´ĞµĞ»Ğ¸Ñ‚ĞµÑÑŒ Ğ²Ğ¸Ğ´ĞµĞ¾ Ğ´Ñ€ÑƒĞ·ÑŒÑĞ¼Ğ¸ Ğ»Ğ°Ğ¹Ğº Ğ¸ Ñ…Ğ¾Ñ‚Ñ Ğ±Ñ‹ Ñ‚Ğ¾Ñ‡ĞºÑƒ Ğ² ĞºĞ¾Ğ¼Ğ¼ĞµĞ½Ñ‚Ğ°Ñ€Ğ¸ÑÑ… ÑĞ¿Ğ°ÑĞ¸Ğ±Ğ¾ Ğ·Ğ° Ğ¿Ğ¾Ğ´Ğ´ĞµÑ€Ğ¶ĞºÑƒ,5,2026-01-17T11:05:21Z,neutral
JF4By-g4jiU,UgzbNpDKCAqUASqicYN4AaABAg,@SanSana-l7w,Ğ”Ğ°Ğ¹ ĞĞ»Ğ»Ğ°Ñ… Ğ¼Ğ»Ğ°Ğ´ĞµĞ½Ñ†Ğ¾Ğ¼ Ğ´ĞµÑ‚ÑĞ¼ Ğ¶ĞµĞ½Ñ‰Ğ¸Ğ½Ğ°Ğ¼  Ğ’Ñ‹ÑÑˆĞ¸Ğµ ÑĞ°Ğ´Ñ‹ Ğ Ğ°Ñ Ğ¤Ğ¸Ñ€Ğ´Ğ°ÑƒÑ ĞĞ¼Ğ¸Ğ½ÑŒ ğŸ¤²,4,2026-01-17T10:28:17Z,neutral
JF4By-g4jiU,Ugx0fRPp7biuqLfZILB4AaABAg,@ĞœĞ¾Ğ¹Ğ¼Ğ¸Ñ€-Ğ·3Ñ,ğŸ˜¢ğŸ˜¢ğŸ˜¢ğŸ˜¢ğŸ˜¢,1,2026-01-17T11:55:00Z,neutral
JF4By-g4jiU,Ugyb_bnN6Y2P2LVRUmB4AaABAg,@Ğ’Ğ°Ğ»ĞµÑ€Ğ°ĞšÑƒÑ€Ğ±Ğ°Ğ½Ğ¾Ğ²-Ğ¼6Ğ»,"ĞĞĞ Ğ½ÑƒĞ¶Ğ½Ğ¾ Ğ¿Ğ¾ÑĞ°Ğ´Ğ¸Ñ‚ÑŒ Ğ½Ğ° Ğ²ÑÑ Ğ¶Ğ¸Ğ·Ğ½ÑŒ,Ğ·Ğ° Ğ±ĞµĞ·Ğ´ĞµĞ¹ÑÑ‚Ğ²Ğ¸Ğµ",4,2026-01-17T10:05:58Z,neutral
JF4By-g4jiU,Ugzp7hw3JPzx5YB_ZXV4AaABAg,@Ğ¢Ğ¸Ğ¼ÑƒÑ€Ğ”Ğ°ÑĞºĞ¸ĞµĞ²-Ñ‚6Ñ†,Ğ£ Ğ¼ĞµĞ½Ñ Ğ¿Ñ€Ğ¾ÑÑ‚Ğ¾ Ğ½ĞµÑ‚ ÑĞ»Ğ¾Ğ²ğŸ˜¢.,1,2026-01-17T11:57:18Z,neutral
JF4By-g4jiU,UgzPGwAL_FDiHVwlJ5t4AaABAg,@Hiddensc00,ğŸ˜®ğŸ˜®ğŸ˜®ğŸ˜®ğŸ˜®ğŸ˜¢ğŸ˜¢ğŸ˜¢ğŸ˜¢ğŸ˜¢ğŸ˜¢ğŸ˜¢ğŸ˜¢,1,2026-01-17T10:18:33Z,neutral
JF4By-g4jiU,UgyOSpch3ExI91ydYEN4AaABAg,@news_booms,Ğ§Ñ‚Ğ¾ Ğ²Ñ‹ Ğ´ÑƒĞ¼Ğ°ĞµÑ‚Ğµ Ğ¾Ğ± ÑÑ‚Ğ¾Ğ¼?,1,2026-01-17T09:59:20Z,neutral
JF4By-g4jiU,UgxwlxcVDzA6opYYmCd4AaABAg,@ĞšĞ¾Ğ¼Ğ¸Ğ»Ğ°ĞÑˆÑƒÑ€Ğ¾Ğ²Ğ°-Ñ‚6Ğ¼,Ğ§Ñ‚Ğ¾ ÑÑ‚Ğ¾ Ğ´Ğ°ÑÑ‚ Ñ‡Ñ‚Ğ¾ ÑÑ‚Ğ¾ Ğ´Ğ°ÑÑ‚. ĞĞ»Ğ»Ğ°Ñ… Ñ Ğ²ĞµÑ€Ñ Ğ² Ñ‚Ğ¾ Ñ‡Ñ‚Ğ¾ Ñ‚Ñ‹ Ğ½Ğµ Ğ¾ÑÑ‚Ğ°Ğ²Ğ¸ÑˆÑŒ Ğ´ĞµÑĞ²Ğ¾Ğ»Ğ¾Ğ² Ğ±ĞµĞ· Ğ¿Ñ€Ğ¾ĞºĞ»ÑÑ‚ÑŒÑ,0,2026-01-17T12:33:40Z,neutral
JF4By-g4jiU,UgwKyeEj-rE-2ItDIfV4AaABAg,@Ğ°ĞºĞ¼Ğ°Ğ»Ñ‚ÑƒÑ€Ğ³ÑƒĞ½Ğ¾Ğ²-Ñ€8Ğ»,Ğ¢ĞµÑ€Ğ¾Ñ€Ñ€Ğ¸ÑÑ‚ÑŒ,0,2026-01-17T14:38:48Z,neutral
JF4By-g4jiU,UgypEheLIMC3fMWZTu14AaABAg,@kulgilivayn,ĞšÑ€Ğ°ÑĞ°Ğ²Ğ¸Ñ†Ğ° Ğ½Ğ°Ğ¼ Ñ‚Ğ°ĞºĞ¸ Ğ˜Ğ¼Ğ¸Ğ´Ğ¶Ğ¸ ĞĞ°Ğ¼ ĞĞµĞ½Ğ°Ğ´Ğ¾ Ğ›Ğ¾Ğ¶Ğ½Ñ‹Ğ¹ Ğ˜Ğ½Ñ„Ğ¾Ñ€Ğ¼Ğ°Ñ‚Ñ†Ğ¸Ğ¸ Ğ’ÑĞµ ĞĞ½Ğ¸ Ğ’Ñ€ÑƒÑ‚ ğŸ‰ğŸ‰ğŸ‰ğŸ‰ğŸ‰ğŸ‰ğŸ‰ğŸ‰,0,2026-01-17T15:38:42Z,neutral
JF4By-g4jiU,Ugw5eJMrMUgl_3Q4R9p4AaABAg,@andreyfil3671,Ğ¥Ğ°Ğ¼Ğ°Ñ Ñ 13  Ğ²Ñ€Ğ¾Ğ´Ğµ Ñ€ĞµĞºÑ€ÑƒÑ‚Ğ¸Ñ‚ Ğ±Ğ¾ĞµĞ²Ğ¸ĞºĞ¾Ğ² ?  Ğ’Ğ¾ Ğ²ÑĞµÑ… Ğ²Ğ¾Ğ¹Ğ½Ğ°Ñ… ÑÑ‚Ñ€Ğ°Ğ´Ğ°ÑÑ‚  Ğ¼Ğ¸Ñ€Ğ½Ñ‹Ğµ  . ĞĞµ Ñ…Ğ¾Ñ‚Ğ¸Ñ‚Ğµ Ğ¿Ğ¾Ñ‚ĞµÑ€ÑŒ Ğ¼Ğ¸Ñ€Ğ½Ñ‹Ñ… Ğ¶Ğ¸Ñ‚ĞµĞ»ĞµĞ¹ Ğ½Ğµ Ğ½Ğ°Ñ‡Ğ¸Ğ½Ğ°Ğ¹Ñ‚Ğµ Ğ²Ğ¾Ğ¹Ğ½ .,0,2026-01-17T15:11:19Z,neutral
JF4By-g4jiU,Ugx4k7NO4nuJaNTbD9h4AaABAg,@Ğ‘Ğ°Ğ»Ò›Ñ‹Ğ±ĞµĞºÒšĞ°Ğ»ÑƒĞ¾Ğ²,ĞĞ°Ğ´Ğ¾ Ñ€ĞµÑ„Ğ¾Ñ€Ğ¼Ğ¸Ñ€Ğ¾Ğ²Ğ°Ñ‚ÑŒ Ğ¾Ğ¾Ğ½. Ğ¡Ğ½Ğ¸Ñ… Ğ½Ğ¸ĞºĞ°ĞºĞ¾Ğ³Ğ¾ Ñ‚Ğ¾Ğ»ĞºÑƒ Ğ½ĞµÑ‚. ĞĞ½Ğ¸ Ğ½Ğµ Ğ±Ğ¾ÑÑ‚ÑÑ ĞĞ›Ğ›ĞĞ¥Ğ. ĞĞ°Ğ´Ğ¾ Ğ²Ñ‹Ğ±Ñ€Ğ°Ñ‚ÑŒ Ğ±Ğ¾Ğ³Ğ¾Ğ±Ğ¾ÑĞ·Ğ½ĞµĞ½Ğ½Ñ‹Ñ….,0,2026-01-17T12:52:31Z,neutral
JF4By-g4jiU,UgwoWOFRgHrnm73_qTh4AaABAg,@Ğ¡Ğ°ĞºĞµĞ½Ğ˜Ğ¿Ğ¼Ğ°Ğ³Ğ°Ğ¼Ğ±ĞµÑ‚Ğ¾Ğ²-Ğ¸8Ñ‰,"Ğ­Ñ‚Ğ¾ Ğ¾Ğ·Ğ½Ğ°Ñ‡Ğ°ĞµÑ‚,Ñ‡Ñ‚Ğ¾ Ğ²ÑĞµ Ğ½Ğ°Ğ»Ğ¾Ğ³Ğ¾Ğ¿Ğ»Ğ°Ñ‚ĞµĞ»ÑŒÑ‰Ğ¸ĞºĞ¸ Ğ¡Ğ¨Ğ Ğ¿Ñ€Ğ¸Ñ‡Ğ°ÑÑ‚Ğ½Ñ‹ Ğ² ÑÑ‚Ğ¸Ñ… Ğ¿Ñ€ĞµÑÑ‚ÑƒĞ¿Ğ»ĞµĞ½Ğ¸ÑÑ…, ĞºĞ°Ğ¶Ğ´Ñ‹Ğ¹ Ñ†ĞµĞ½Ñ‚ Ñ Ğ¸Ğ¼ĞµĞ½Ğ°Ğ¼Ğ¸ Ğ¸ Ñ„Ğ°Ğ¼Ğ¸Ğ»Ğ¸ÑĞ¼Ğ¸ Ğ±ÑƒĞ´ÑƒÑ‚ Ñƒ ĞĞ»Ğ»Ğ°Ñ…Ğ° ÑĞ¿Ñ€Ğ¾ÑˆĞµĞ½Ñ‹,Ğ½Ğµ Ğ²Ğ°Ğ¶Ğ½Ğ¾ Ğ¼ÑƒÑÑƒĞ»ÑŒĞ¼Ğ°Ğ½Ğ¸Ğ½ Ğ¸Ğ»Ğ¸ Ğ½ĞµÑ‚! ĞĞ»Ğ»Ğ°Ñ…Ñƒ ĞĞºĞ±Ğ°Ñ€ ĞšĞ°Ğ±Ğ¸Ñ€Ğ¾!",0,2026-01-17T12:52:45Z,neutral
vhjTOE8n0K0,UgwaGyOyFMcl0yrL2sJ4AaABAg,@najexthechampion1141,"Today, the world is ignored you, but what happened to you no reason to happened to any country in the world, SOON,",1,2026-01-17T13:11:34Z,neutral
i_usHHIHQpo,Ugz0u4yNqunmQ6pJESl4AaABAg,@LionNewsNetwork_official,How should the international community respond to rising civilian casualties?<br>Share your thoughts respectfully ğŸ‘‡,0,2026-01-17T05:51:22Z,neutral
i_usHHIHQpo,UgzBO65hNGznUg28nGd4AaABAg,@ahad-j5f,International community cannot do anything. Only Russia or France could balance there,0,2026-01-17T06:02:50Z,neutral
w80XaOaiOGM,UgzEF03buzhD7hpOpS54AaABAg,@genznewz1,This is a complex conflict with many perspectives. I tried to present the core issues fairly in 3 minutes. What do you think is the biggest obstacle to peace? And which conflict should I explain next?,0,2026-01-17T16:33:42Z,neutral
mE6WojI0H-Y,UgzFfYbYKE6matvxqPx4AaABAg,@fun.com39,ğŸ˜¢ğŸ˜¢ğŸ˜¢ğŸ˜¢ğŸ˜¢ğŸ˜¢,0,2026-01-17T14:56:27Z,neutral
mE6WojI0H-Y,UgytqzKXzFQVijW5pjh4AaABAg,@fun.com39,Free gazağŸ˜¢,0,2026-01-17T14:56:44Z,neutral
iENaix2kYJE,UgzGTGHAxJpwn9wpSH14AaABAg,@Sportsgaming-u9g,â¤â¤â¤ Palestine,0,2026-01-17T12:38:52Z,neutral
SnKv5eu94Gw,Ugy4X3VKOX4rTXZ1sRl4AaABAg,@SohleSk-s2p,ğŸ¤©ğŸ¤©ğŸ¤©ğŸ¤©â¤,2,2026-01-17T11:09:45Z,neutral
SnKv5eu94Gw,Ugw6Xe11vuFRfPMowmF4AaABAg,@md_Raju.tv786,â¤â¤â¤,1,2026-01-17T13:22:14Z,neutral
SnKv5eu94Gw,Ugy07p_e6-uaURLfBqd4AaABAg,@sadgameryousuf,ğŸ˜®ğŸ˜®ğŸ˜®,1,2026-01-17T11:13:54Z,neutral
hbLv4GX_tow,UgwJPg_rYZ8EAdcTaIt4AaABAg,@Mdsajid_9241,ğŸ‘ğŸ‘ğŸ‘ğŸ‘ğŸ‘ğŸ¥°ğŸ¥°ğŸ¥°ğŸ¥°ğŸ¥°,1,2026-01-17T12:28:44Z,neutral
hbLv4GX_tow,Ugx8bsL-sNmqVUATKGJ4AaABAg,@MdJuned-pp2fj,ğŸ‰ğŸ‰ğŸ‰â¤â¤â¤,0,2026-01-17T14:06:23Z,neutral
hbLv4GX_tow,UgyqCCXQFeopLh1gmrt4AaABAg,@MdJuned-pp2fj,ğŸµï¸ğŸµï¸ğŸµï¸ğŸµï¸ğŸ’ğŸ’ğŸ’ğŸ’,0,2026-01-17T14:06:41Z,neutral
xUd9u-34bMI,UgyJfMFL9WDb0ZNfBv94AaABAg,@LW_YASI_TT_,â¤â¤â¤is trayla,1,2026-01-17T08:24:06Z,neutral
2EsYRGagXUI,UgwBF4sx5cDMpP4OWRF4AaABAg,@rdstvhyx17,"Blair is scum, it&#39;s all about money. Look at his son&#39;s business. <br>Blair is a criminal and needs to be brought before The Hague.",6,2026-01-17T08:34:06Z,neutral
2EsYRGagXUI,UgwATnjyI7nXgfgzezl4AaABAg,@Xxj-y1n,Ironic that the war monger Blair is being appointed to anything with word peace in it.,4,2026-01-17T08:44:45Z,neutral
2EsYRGagXUI,UgxP96NcPBwhrJpdval4AaABAg,@canucks77mc,"We are watching the Rise of Nazism again. The age of empire is back, but unfortunately for 8 billion of us without bunkers. We&#39;re dead soon.",3,2026-01-17T09:37:10Z,neutral
2EsYRGagXUI,Ugz-V94BmnG83cqKbcR4AaABAg,@Milkyway-k6x,Deep State Donny working with a swamp monster like Blair? Shocker!,2,2026-01-17T11:20:02Z,neutral
2EsYRGagXUI,Ugywt3VaRkOcLH07PNF4AaABAg,@sarahberlot777,"If Al Capone was still alive, I am sure he would have appointed him too. Oh, and we mustn&#39;t forget Hannibal Lecter.",1,2026-01-17T09:46:29Z,neutral
2EsYRGagXUI,Ugzp6PV91vXBZadR_Q54AaABAg,@arfermo853,I am a born again christian and at election date i would have voted labour but as soon as tony blair walked on something inside me said no and it was an  uncomfortable strong feeling so i didnt vote that year. I believe this man is not of God and time will show it,5,2026-01-17T07:23:03Z,neutral
2EsYRGagXUI,Ugx3kUidcmxEyt_YyT14AaABAg,@headshot6959,"Great, we send Skeletor to make peace..  Smart.",0,2026-01-17T14:28:45Z,neutral
2EsYRGagXUI,UgxV6hGkRL81m3JmCmh4AaABAg,@ashishbhatla1662,Trump  is doing side quests ğŸ˜‚,0,2026-01-17T09:14:08Z,neutral
2EsYRGagXUI,UgzoFc_-Mb22ugeD-AN4AaABAg,@ahsanishaq8714,Shame on pakistan shame on Arab leaders,1,2026-01-17T10:03:19Z,neutral
2EsYRGagXUI,UgwPvw6-aEoX9qdxpFN4AaABAg,@Nickg3486,"Trump&#39;s big on loyalty ..<br>Tony Blair played a significant and supportive role in America&#39;s &#39;war on terror&#39;..a war on terror that saw them go into Iraq on the back of lies. Lies told by Netanyahu. No weapons of mass destruction were ever found. America bombed  Iraq to pieces, killing hundred&#39;s of thousands of people in the process..<br>Just sayin..<br>God fearing, they say they are, hey?<br>Which god?",2,2026-01-17T07:54:59Z,neutral
2EsYRGagXUI,Ugz5Beqfg6tiOZPjZ694AaABAg,@rabiegeorgey5488,the ceasefire did not work,0,2026-01-17T07:53:12Z,neutral
2EsYRGagXUI,UgxpDXu9l3mRv_wnj-94AaABAg,@LukeFloyd-i5d,wtf is trump doing Iâ€™ve always been a massive supporter of trump but Tony Blair is he taking the piss,2,2026-01-17T08:44:26Z,neutral
2EsYRGagXUI,UgxR39t7x9hplIpv_ul4AaABAg,@covingtonrace1,Someone needs to tell trump,0,2026-01-17T08:46:18Z,neutral
2EsYRGagXUI,UgygCXY2ufppLKUNjet4AaABAg,@canucks77mc,"DR. DAVID KELLY. <br><br>Remember his name, Remember what was done to him.<br><br>Blair is a liar",0,2026-01-17T09:16:28Z,neutral
2EsYRGagXUI,UgwTbFq9n_B79F7JOuR4AaABAg,@SNAFUferret,Blair did such a good job in the Middle East !,0,2026-01-17T08:12:17Z,neutral
2EsYRGagXUI,UgxfPL288hOyDBSrDyF4AaABAg,@nickname296,"everybody, and I mean EVERYBODY who works and/or allies with that orange dictatorial scumbag is a traitor to democracy!!!!!!",0,2026-01-17T12:17:01Z,neutral
2EsYRGagXUI,UgzJCI9HIB85w5uRnz54AaABAg,@PardonNkomo-i5k,"Wow, Trump is the biggest clown ever lived. Americans really voted for this man?",0,2026-01-17T15:59:36Z,neutral
fxrtkH7yFCo,UgwJngB7Tlw7_4twWkp4AaABAg,@AyubKhan-k7y,Pakistan hamesa zindabad ğŸ‡µğŸ‡°ğŸŒ¹ğŸ†“ğŸ‡µğŸ‡¸,2,2026-01-17T06:20:09Z,neutral
fxrtkH7yFCo,UgzhOu1_MBeEkH1UUrF4AaABAg,@AliJan-ht4sz,Fibre cable infernet service provide  kerti hay na kih nazar rekhny k liey .<br><br><br>Fibre wall ho ga,0,2026-01-17T06:17:03Z,neutral
fxrtkH7yFCo,UgxqhEfLYaNxKydybUl4AaABAg,@UsaGamees,Yhan koi ni bolta,0,2026-01-17T06:54:50Z,neutral
mTeCMWJAPzY,UgyXiSM0BKCOq5i1IyF4AaABAg,@abdulullah1818,Ya allah help,0,2026-01-17T16:27:08Z,neutral
vhjTOE8n0K0,UgwaGyOyFMcl0yrL2sJ4AaABAg,@najexthechampion1141,"Today, the world is ignored you, but what happened to you no reason to happened to any country in the world, SOON,",1,2026-01-17T13:11:34Z,neutral
KsgO2bbLc5s,Ugy9QJH_sUeVGrTzG_F4AaABAg,@nutritionalweightwellnessl1450,Hamas made this mess don&#39;t mess with Israel,0,2026-01-17T07:20:48Z,neutral
vaXJJGS-Wko,UgzKew09TZpHOPPUbE54AaABAg,@Commingeoise,All governments that militarily help the state of Israel must be defeated in the upcoming elections,0,2026-01-17T12:31:13Z,neutral
zIamVHQsVG4,Ugx2UdKmInQxdj_QfHp4AaABAg,@ChristineArmstrong-zw3op,They are absolutely inhumane.<br>It is ssssoooo cruel. Disgusting,0,2026-01-17T13:40:08Z,neutral
zIamVHQsVG4,Ugy-S1ig39lNXuD9J454AaABAg,@Efghijk90,SNOW in this part of the world is unheard of â€¦ I wonder if they are controlling the weather to make things worse for the populationâ€¦.,0,2026-01-17T04:04:46Z,neutral
GE73xGfm97I,UgzALIRARIu57X7luHd4AaABAg,@CarlosFabre-cm9ck,Disarm IDF disarm Hamas... No disarm IDF no disarm Hamas!!!,0,2026-01-17T13:40:03Z,neutral
qAvs3D5wV2s,UgyG5bDUy1a2Iaa2SIB4AaABAg,@christophercoleman6596,"What is happening in Iran by MOSSAD &amp; their US agents is a replay of what the CIA did in 1953. False flag attacks, staged demonstrations, false reporting by US media etc.",9,2026-01-17T17:22:44Z,neutral
qAvs3D5wV2s,UgxRFzoSxIz-vepjFsJ4AaABAg,@Not1MoreWar,"A warning to Americans, from 1948: Albert Einstein Letter to the New York Times Dec 4, 1948 Internet Archive.",12,2026-01-17T17:14:43Z,neutral
qAvs3D5wV2s,UgxyjsPofcftALb7gJd4AaABAg,@FrawgfithAmblose,All the poor animals and plants in the sacred Patagonian forests added to the list of countless innocents being hurt by these evilsickpeople boils my blood extremely,9,2026-01-17T17:27:00Z,neutral
qAvs3D5wV2s,Ugw48aGWlCNdWW_ecz54AaABAg,@abbasnaqvi6180,Israel alone is nothing what was they without the support of the USA and Europe,5,2026-01-17T17:27:20Z,neutral
qAvs3D5wV2s,UgzWiX95JAfr_KnFyYF4AaABAg,@thefoodpeopleconsultancy5539,Beegees my guy,4,2026-01-17T17:17:59Z,neutral
qAvs3D5wV2s,Ugw1vVbD8vncqBH1H9R4AaABAg,@PerfectSaga,America&#39;s and Isntreal&#39;s biggest export is regime change,2,2026-01-17T17:28:54Z,neutral
qAvs3D5wV2s,UgyTqsGiqbjl4xqgzFR4AaABAg,@sevyaliofficial2543,Damn right!!!,1,2026-01-17T17:30:58Z,neutral
qAvs3D5wV2s,UgxvIUKrhds06QQ8X5R4AaABAg,@Iron-Giant1,You Guys always nag but never come with an actual solution ğŸ‰,0,2026-01-17T17:32:54Z,neutral
qAvs3D5wV2s,Ugykg0Zpbq7Cg70bFvF4AaABAg,@sevyaliofficial2543,Israeli government is behind it,1,2026-01-17T17:31:40Z,neutral
qAvs3D5wV2s,UgwV57btOD5jNUlxPRh4AaABAg,@DevGuharoy,"The United States of Israel. The joint venture behind every act of evil interference in every country, right now.",3,2026-01-17T17:27:23Z,neutral
8PNL9pSIk88,UgzmwRYqbAMkH5c39HB4AaABAg,@MdShahalam-of8iz,ksa,0,2026-01-17T17:20:53Z,neutral
0pceSG3luag,UgwZJwto5ZdKh_DZgdJ4AaABAg,@dancewithaasma,Ameen â¤â¤,0,2026-01-17T14:51:24Z,neutral
0pceSG3luag,UgxS4un29aLeGjIZphJ4AaABAg,@AmbiyaKhan-g2p,Ameen ğŸ¥ºâ¤,0,2026-01-17T14:50:24Z,neutral
zMetVO5c1SE,Ugwt1I_fSJ9nkUFjVZB4AaABAg,@Andrew-v1d4h,When do we raise a global force against Israel?,603,2026-01-17T13:33:23Z,neutral
zMetVO5c1SE,UgzHrzrpOfje5iclIZl4AaABAg,@MartinFroschauer-z7r,Dave smith is a real american patriot.,403,2026-01-17T13:46:46Z,neutral
zMetVO5c1SE,Ugx8X0mgTEkznI7ELAF4AaABAg,@ew5153,They donâ€™t have a conscience.,110,2026-01-17T14:50:04Z,neutral
zMetVO5c1SE,UgyRGrEoilSj_QuOpzV4AaABAg,@AK-bi7vq,"Go on Dave, wipe the floor with him",148,2026-01-17T14:07:10Z,neutral
zMetVO5c1SE,UgzMVIEbxjGiGDM846J4AaABAg,@Gary-hr3sg,In 1973 Israel was deemed an Apartheid state,129,2026-01-17T14:01:44Z,neutral
zMetVO5c1SE,Ugze_LG4otlxVnEyY8h4AaABAg,@BanastRifi27,Their end is near and they can smell it,216,2026-01-17T13:54:41Z,neutral
zMetVO5c1SE,UgzIm5nfTu4UHcDgfwN4AaABAg,@Mo_dzz,Why are we interfering with sovereign countries why â€¦..,48,2026-01-17T14:15:00Z,neutral
zMetVO5c1SE,Ugyxra04Su13w4e3euJ4AaABAg,@hyperactive99999,"Dave Smith is a good human being, he always speaks the truth.",103,2026-01-17T13:56:36Z,neutral
zMetVO5c1SE,UgwK_0x51FK7gKT7Vtp4AaABAg,@jeaniemccombs2200,"Dâ€™Sousa is such a fraud, he takes whatever is the popular meme of the day, re-couches it in academic gibberish, spews it out to the raptures of maga. I doubt heâ€™s had an original thought in his life. Great work, Dave, heâ€™s used to adoration not disagreement. Love it. â¤â¤",103,2026-01-17T13:32:14Z,neutral
zMetVO5c1SE,UgzJT_DZ2Hd0_6KT7jd4AaABAg,@suzanh777,"Dave Smith won this debate in a poll.  Results:  98:2 , Dave.  The country has spoken.",15,2026-01-17T14:08:51Z,neutral
zMetVO5c1SE,Ugyxx5mIVUhU628EDOx4AaABAg,@libertyking7627,Iran needed to be freed from usa sanctions ğŸ’¯ğŸ’¯,80,2026-01-17T13:43:22Z,neutral
zMetVO5c1SE,Ugxkzz4W0HH7wpxyMA54AaABAg,@CoolAdam187,&quot;Ijraeli viman beri butifool saar&quot;<br>- Dinesh D&#39;Souza,15,2026-01-17T15:10:11Z,neutral
zMetVO5c1SE,Ugy45gQEnTPovDCNfn54AaABAg,@darrylpitt-s2s,It&#39;s all about destabilizing countries putting puppets rulers in place and making that country weak so that they can&#39;t protect themselves from what is coming.,30,2026-01-17T13:46:27Z,neutral
zMetVO5c1SE,UgzAdwk66ZwBTeqw7394AaABAg,@landscannersunltd.,This is the reality of it all. Are we as Americans complicit?,11,2026-01-17T14:10:48Z,neutral
zMetVO5c1SE,Ugx2NMttgdq56mko9NR4AaABAg,@Julio1jpg,Those are absolute facts. The problem is precisely that it never blows in the faces of the ones promoting all that hatred and nonsense.<br><br>Free Palestine. Free us all from traitors to the people. Death to corporate and state abuse.,64,2026-01-17T13:32:12Z,neutral
zMetVO5c1SE,UgzbHPKAT_z3Qt2g7894AaABAg,@M0EMimouni,"GO DAVID GO: THIS ZIOZ NEEDS REALITY CHECKS, AS LONG AS AMERICANS KEEP PAYING, NOTHING WILL CHANGE. Thank you for sharing n Implyfing.",17,2026-01-17T13:58:08Z,neutral
zMetVO5c1SE,Ugyo5Z6N1TPe0fYP2lN4AaABAg,@djgreg8198,"Blows up in our faces, yea, but they made lots of money and got to play.",18,2026-01-17T13:36:38Z,neutral
zMetVO5c1SE,UgzF9seU-iRiRYJVjnh4AaABAg,@hamzaogab275,"Jews, Catholics, and Muslims lived together in peace before the Zionists invaded and destroyed the peace between them in peaces!!!",8,2026-01-17T14:48:51Z,neutral
zMetVO5c1SE,UgxZH1U5jMX0IY2gyL14AaABAg,@AdamAd-d8b,see indians are also with isreall ???,78,2026-01-17T13:40:29Z,neutral
zMetVO5c1SE,UgythkEXxt4-X4hZxjt4AaABAg,@Andrew-v1d4h,If they won&#39;t accept Israeli bread like the politicians give them Cake,6,2026-01-17T13:47:25Z,neutral
zMetVO5c1SE,UgwO-3lgS3Yk0Arol914AaABAg,@RoLoDavis,"A regime change in the middle east is definitely needed, just not Iran",6,2026-01-17T13:59:50Z,neutral
zMetVO5c1SE,UgyQHrgMXW1a82EfXtF4AaABAg,@JefferyForbes-sz6xh,&quot;I don&#39;t even care  that I lost  this debate.  I&#39;m still  gonna say what I&#39;m paid to say.&quot;,3,2026-01-17T15:46:58Z,neutral
zMetVO5c1SE,UgxhTJS4NAE-9NZeDzN4AaABAg,@ScarTissues,The problem is they have no conscience.,2,2026-01-17T15:28:47Z,neutral
zMetVO5c1SE,UgzrghJV-d1ZWoUoh6N4AaABAg,@saimum-h1r,They made the world a dangerous place.,2,2026-01-17T14:54:37Z,neutral
zMetVO5c1SE,UgxI7IDLfSMoT8o_EGt4AaABAg,@ahmedwalid3035,Please don&#39;t forget to donate to organisations that support Palestinians and Sudanese with medical supplies and food  ğŸ‡µğŸ‡¸â¤ and boycott israeli and UAE products,8,2026-01-17T13:43:52Z,neutral
zMetVO5c1SE,Ugy9iYqFAX1wvhkyn1N4AaABAg,@lisainsthnme,ICE headquarters are in Tel Aviv. The US has been taken over via soft coup sellout by our politicians. The only thing both parties totally united on was treason.,3,2026-01-17T15:35:03Z,neutral
zMetVO5c1SE,Ugx47u_mljGxcm0Kk0t4AaABAg,@Timbuktu-tu,Dinesh looks like someone just shat all over his face.,2,2026-01-17T15:41:59Z,neutral
zMetVO5c1SE,Ugw3LHYimDK9peE2bep4AaABAg,@Yascal786,Some Goan Indo-Portuguese,5,2026-01-17T13:52:20Z,neutral
zMetVO5c1SE,UgxzqMd02OyZq1jy6EV4AaABAg,@TerraMater-RTTS,Thought Dinesh the Criminal was kicked out of MAGA.,2,2026-01-17T15:40:45Z,neutral
zMetVO5c1SE,UgziHm2_VV6CFV2S4YZ4AaABAg,@charlesclaridy8646,Get &#39;em Dave.,2,2026-01-17T14:19:12Z,neutral
XIC_sEPVcV4,UgygGhRtfoSczjcPL5N4AaABAg,@NasirAhmed-ej7nv,à¦‡à¦°à¦¾à¦¨ à¦œà¦¿à¦¨à§à¦¦ à¦¬à¦¾à¦¦ à¦¬à¦¿à¦œà§Ÿ à¦¹à¦¬à§‡ à¦®à§Œà¦²à¦­à§€à¦¬à¦¾à¦œà¦¾à¦° à¦œà§‡à¦²à¦¾ à¦¥à§‡à¦•à§‡ à¦†à¦®à¦¿ à¦¦à§‡à¦–à¦›à¦¿,0,2026-01-17T17:22:16Z,neutral
XIC_sEPVcV4,UgwyDJLIA504CG48Vv54AaABAg,@mdmustafizurrahman-v8141,à¦šà¦Ÿà§à¦Ÿà¦—à§à¦°à¦¾à¦® à¦¬à¦¾à¦à¦¶à¦–à¦¾à¦²à§€,1,2026-01-17T10:32:06Z,neutral
XIC_sEPVcV4,Ugxgb8aCIuxXyklbrhx4AaABAg,@AmirAli-d6u,â¤â¤â¤â¤â¤â¤â¤â¤,0,2026-01-17T11:03:52Z,neutral
XIC_sEPVcV4,UgwYQJlk_GRFWp4GUrt4AaABAg,@SumonaminAman,MymonsingğŸ˜Šhpaglaniguary,0,2026-01-17T11:36:01Z,neutral
XIC_sEPVcV4,UgxJNuX-ijNqD-6IpLd4AaABAg,@Mdafjal-x9b,â¤,2,2026-01-17T09:50:40Z,neutral
XIC_sEPVcV4,UgznYIl7F_Ae0zzEVTx4AaABAg,@PriyoshiBarua-y2d4h,à¦¹à¦¾à¦—à§ à¦†à¦¸à¦¬à§‡ à¦¦à§‡à¦–à¦¿à¦“,0,2026-01-17T12:25:41Z,neutral
bbLSd5HtEkE,UgxiRko3o3UUug6NP4V4AaABAg,@Abuzargaffari92,India,0,2026-01-17T09:20:35Z,neutral
J-3ElzYKxlw,UgzEHSkI77OjGtIhagR4AaABAg,@FBenaliYT,When tourist actually means terrorist.,1140,2026-01-17T09:22:55Z,neutral
J-3ElzYKxlw,UgyTq6JLswLV751bG3h4AaABAg,@malemthounaojam5046,Argentinian have rights to defend itself,509,2026-01-17T09:18:16Z,neutral
J-3ElzYKxlw,UgxI1QRlcMGy1TPjkep4AaABAg,@_truthful_q_,IDF on vacation? Throw out the trash! ğŸ—‘,208,2026-01-17T10:33:53Z,neutral
J-3ElzYKxlw,UgzemFE0_Rui2Q7Tqox4AaABAg,@Salaar-Noraiz,GOOD JOB MY DEAR ARGENTINAS GREAT LADY,715,2026-01-17T09:00:41Z,neutral
J-3ElzYKxlw,UgwlpArOjUXQugJsWQp4AaABAg,@macrobianson2g,They are being expelled from 109 countries for a reason.,1107,2026-01-17T08:12:47Z,neutral
J-3ElzYKxlw,UgyFaInXeC_cxE5MNJJ4AaABAg,@danieldipalma704,And no one likes them because they&#39;re the nicest people in the world...ğŸ˜‚ Free Palestine !,840,2026-01-17T08:14:05Z,neutral
J-3ElzYKxlw,UgyPSovyx0VkcdQPTLl4AaABAg,@C_Dis,They spreaded hatred against Islam on a massive scale and ended up becoming the most hated group in the world,256,2026-01-17T09:21:56Z,neutral
J-3ElzYKxlw,UgzzAAIW1v6A4V4dKyJ4AaABAg,@haseebullahcheema8102,Good job lady,413,2026-01-17T08:27:29Z,neutral
J-3ElzYKxlw,UgyUE6OIb4niAkUyr-94AaABAg,@theexample0360,Promised 3000 years ago ğŸ˜‚ğŸ˜‚ğŸ˜‚,118,2026-01-17T08:56:38Z,neutral
J-3ElzYKxlw,UgyowRS5NRdfxIBOT6F4AaABAg,@farriee3445,Well done lady,274,2026-01-17T08:34:45Z,neutral
J-3ElzYKxlw,UgwWTQynONEl1QH12lB4AaABAg,@RizwanRahii-b7h,Small hats. Big problem.,557,2026-01-17T08:44:30Z,neutral
J-3ElzYKxlw,Ugwo5wIWS12vg0ByauJ4AaABAg,@GhostOfSyria-h7l,"Everywhere, all the damn time.. now tell me..",113,2026-01-17T09:34:14Z,neutral
J-3ElzYKxlw,UgwIYR7FHubhq9tHhax4AaABAg,@alexahleen8293,If they get too comfortable theyâ€™ll occupy your country too ! Argentina was also promised to them 3000 years ago ğŸ˜‚ remember that,201,2026-01-17T09:15:13Z,neutral
J-3ElzYKxlw,Ugw5YgUUluyzksvNHLJ4AaABAg,@yeeeeeha,"people, watch out your cell phones",51,2026-01-17T09:43:17Z,neutral
J-3ElzYKxlw,Ugxl7RqiNAb21V5TAd54AaABAg,@TheDesperadoCode,"Thank you, Argentina!!!<br>ğŸ‘ğŸ‘ğŸ‘",56,2026-01-17T09:51:08Z,neutral
J-3ElzYKxlw,UgxQ0M0IpQuIDq2zuDB4AaABAg,@RoseRose-z6b,"The reason why they&#39;re chasing them,is because of the wild fire that just took place in Argentina.Some women said they saw Israeli tourists setting the fire up.They said that Israel is after theirs lands.",234,2026-01-17T08:31:46Z,neutral
J-3ElzYKxlw,UgwpwMlOfYwlZtrruyl4AaABAg,@SardaraliMpe,"They do such evil everywhere in the world, but when people oppose they keep saying oh its &quot;antisemitism &quot;",374,2026-01-17T08:31:19Z,neutral
J-3ElzYKxlw,UgyDsxBxgk86w7MNVUl4AaABAg,@nafiskhan7284,112 countries now,102,2026-01-17T08:51:02Z,neutral
J-3ElzYKxlw,UgyTL4pPjuwoftVzCs94AaABAg,@helloitsmeonyx,Salute that lady with ğŸ‡µğŸ‡¸ flag!,92,2026-01-17T09:47:00Z,neutral
J-3ElzYKxlw,UgwXqoQNPcHDoM1d_SN4AaABAg,@SpikesFH,"theyre NoT tourist...., not tourist..repeat as you like.",50,2026-01-17T09:05:58Z,neutral
J-3ElzYKxlw,Ugx8f1ndREm6Y_orQAB4AaABAg,@aashiraali6864,Well done ğŸ‘,145,2026-01-17T08:28:38Z,neutral
J-3ElzYKxlw,UgzD_pbbNv6Ofyj8J9J4AaABAg,@GoldStar5555,Long live Argentina and its backgammon!â¤â¤â¤â¤â¤ğŸ‰ğŸ‰ğŸ‰ğŸ‰ğŸ‰ğŸ‰ğŸ‰ğŸ‰ğŸ‰ğŸ‰ğŸ‰,57,2026-01-17T08:34:55Z,neutral
J-3ElzYKxlw,UgxYRTN2BBY8X3aaGYd4AaABAg,@ronburgandy1475,They voted in their Zionist leader...<br>I feel bad for Argentina,78,2026-01-17T08:48:30Z,neutral
J-3ElzYKxlw,UgzCluPPIovceMFVMEV4AaABAg,@defected_doombot,Is this also have something to do with that arsonist in that forest too right?,51,2026-01-17T09:28:05Z,neutral
J-3ElzYKxlw,UgyPkFBu2JNXO4Owdml4AaABAg,@GrxmeyLowkk,Does this make it the 110th country ?,26,2026-01-17T09:08:33Z,neutral
J-3ElzYKxlw,Ugxe0XQ37JZmb18V9Px4AaABAg,@andreichivu7653,Most of the &quot;jews&quot; of South America are in Argentina..,45,2026-01-17T09:15:24Z,neutral
J-3ElzYKxlw,UgwVlaLWVkpT-kng1A54AaABAg,@vennilamini6951,Well done â¤ ğŸ‘,57,2026-01-17T08:47:40Z,neutral
J-3ElzYKxlw,Ugz1aTBM_XQqvt2wkJJ4AaABAg,@camoideensunain,Free Palestinians ğŸ‡µğŸ‡¸ğŸ‡µğŸ‡¸ğŸ‡µğŸ‡¸ğŸ‡µğŸ‡¸,72,2026-01-17T08:35:03Z,neutral
J-3ElzYKxlw,UgwmkMx_XN5VDTtlW9d4AaABAg,@Mama_Dani97,Lovely MashaAllah ğŸ’–ğŸ’–ğŸ’–ğŸ¤²ğŸ¤²ğŸ¤²ğŸ¤²ğŸ¤²ğŸ¤²âœŒï¸âœŒï¸âœŒï¸âœŒï¸âœŒï¸âœŒï¸âœŒï¸ğŸ‡µğŸ‡¸,33,2026-01-17T08:55:40Z,neutral
J-3ElzYKxlw,UgyQw7n316tOl47N3UZ4AaABAg,@BGjunior,He said don&#39;t touch me ğŸ˜‚ğŸ˜‚,9,2026-01-17T09:35:47Z,neutral
5AdNt55FqWo,UgxYNr7IX0cJpewOKnp4AaABAg,@omarasad3210,Ø¹Ù…Ù„Ùƒ Ø¹Ù„Ù‰ Ø§Ù„Ø£Ø±Ø¶ ÙŠØ«Ø¨Øª Ù…Ù† Ø§Ù†Øª,1,2026-01-17T11:07:36Z,neutral
BsC6iriiMBo,Ugyc2zbkVE12SddK4CJ4AaABAg,@kiffy2634,"Look guys Israel carpet bombed mothers, children, and civilians in Palestine in self defense.",1,2026-01-17T16:59:46Z,neutral
BsC6iriiMBo,UgzE9HlpIwXGJ_I8Dk54AaABAg,@kiffy2634,"Just a coincidence the Israeli border gaurds were told to stand down and do not retaliate. Military helicopters killed Israeli hostages, but hamas doesn&#39;t have helicopters lol. Coincidence again",1,2026-01-17T17:14:44Z,neutral
O8G1_EWXPfk,Ugw1yY7weSqbCUB0feh4AaABAg,@ObaidAryan-x3b,With help of us technology,0,2026-01-17T15:43:20Z,neutral
O8G1_EWXPfk,Ugy7qDnPw6jgra51aVR4AaABAg,@smartabuk757,One fact - accuracy. The rest is a lie,0,2026-01-17T16:13:35Z,neutral
O8G1_EWXPfk,Ugzw8qHr6xQQZ7rzVER4AaABAg,@Peterpan0902,Dont bla Bro they whatching,0,2026-01-17T15:59:00Z,neutral
O8G1_EWXPfk,UgwOVijyzCeYsSq3vrt4AaABAg,@catsfunne,uhm is this AI.,1,2026-01-17T06:44:55Z,neutral
O8G1_EWXPfk,Ugz-HvobZiZB_2IbyrV4AaABAg,@ShaunReynolds-p5p,Israel is a country that shouldn&#39;t be trusted,0,2026-01-17T16:06:39Z,neutral
67MRZ-csS5s,Ugzonr74Ip1SshuZ3wp4AaABAg,@Arken-T78,Agora diz qual capital do Brasil que tem uma bateria antiaÃ©rea ğŸ˜…,0,2026-01-16T23:12:42Z,neutral
67MRZ-csS5s,Ugwyvgm_pd5BXG0g2-B4AaABAg,@joaquimdaluz6659,"Era uma vez  nÃ£o aguentaram o peso de IrÃ£o ,estÃ¢ todos absuletas",0,2026-01-17T01:58:46Z,neutral
67MRZ-csS5s,UgwuET5RlQSC1EDNG_p4AaABAg,@Ghost_Comandante87,Mas porque os Estados Unidos vÃ£o copiar o Escudo do Israel?,0,2026-01-16T22:59:41Z,neutral
67MRZ-csS5s,UgxN2zVvQVAJFdJuTa14AaABAg,@projcob,Mentira,0,2026-01-16T22:58:05Z,neutral
sFMvGBkmqFU,Ugy-qQLqWZL87UCJEzN4AaABAg,@khemaismoussaoui1293,Ø£ÙŠÙ‡Ø§ Ø§Ù„Ø´Ø¹Ø¨ Ø§Ù„Ø§Ù…Ø±ÙŠÙƒÙŠ Ø¢Ø­Ø°Ø±ÙˆØ§ Ø£Ù† ÙŠØ¬Ø±ÙƒÙ… Ø§Ù„ØµÙ‡Ø§ÙŠÙ†Ø© Ø¥Ù„Ù‰ Ù…Ø­Ø±Ù‚Ø© Ù„Ø§ Ù†Ø§Ù‚Ø© Ù„ÙƒÙ…  ÙˆÙ„Ø§ Ø¬Ù…Ù„  ÙÙŠÙ‡Ø§,86,2026-01-16T22:59:09Z,neutral
sFMvGBkmqFU,Ugw-MWEAm62vn5rCUiB4AaABAg,@yacinezouaoui2687,Ø¹Ø§Ø´Øª ÙÙ„Ø³Ø·ÙŠÙ† Ø­Ø±Ø© â¤ï¸,26,2026-01-17T07:53:42Z,neutral
sFMvGBkmqFU,UgzRem9mvcchJ8I_KYh4AaABAg,@GjdndCjxn,Ø§Ù„Ù„Ù‡Ù… Ø§Ø­ÙØ¸ Ø¨Ù„Ø§Ø¯Ù†Ø§ ÙˆØ³Ø§Ø¦Ø± Ø¨Ù„Ø§Ø¯ Ø§Ù„Ù…Ø³Ù„Ù…ÙŠÙ† Ù…Ù† ÙƒÙŠØ¯ Ø§Ù„Ø§Ø´Ø±Ø§Ø± ÙˆØ·ÙˆØ§Ø±Ù‚ Ø§Ù„Ù„ÙŠÙ„ ÙˆØ§Ù„Ù†Ù‡Ø§Ø±.,13,2026-01-17T06:24:04Z,neutral
sFMvGBkmqFU,UgwIHrw29y_bbs6iRUx4AaABAg,@yassershamakh9948,ÙƒÙ„Ù…Ø§ Ø§ÙˆÙ‚Ø¯Ùˆ Ø§ Ù†Ø§Ø±Ø§ Ù„Ù„Ø­Ø±Ø¨ Ø§Ø·ÙØ£Ù‡Ø§ Ø§Ù„Ù„Ù‡,73,2026-01-17T00:11:12Z,neutral
sFMvGBkmqFU,UgxSUiUsQnUK20IFdOd4AaABAg,@AymanQu,Ø§Ù„Ù Ø§Ù„Ù ØªØ­ÙŠØ© Ùˆ ØªÙ‚Ø¯ÙŠØ± Ù„ÙƒÙ„ Ø§Ø­Ø±Ø§Ø± ÙˆØ´Ø±ÙØ§Ø¡ Ùˆ Ø¹Ù‚Ù„Ø§Ø¡ Ø§Ù„Ø¹Ø§Ù„Ù… Ù„Ø§ Ù„Ù„Ø­Ø±ÙˆØ¨,41,2026-01-17T04:56:00Z,neutral
sFMvGBkmqFU,UgyoIYGsByXOIYEBL-d4AaABAg,@antonioani7254,Ø§Ù„Ø´Ø¹Ø¨ Ø§Ù„Ø§Ù…Ø±ÙŠÙƒÙ‰ Ø¨Ø¯Ø£Ø¡ ÙŠØ³ØªÙÙŠÙ‚ Ù…Ù† Ø§Ù„ØªØ´Ù…ÙŠØ¹.....Ù‡Ø§Ø¯Ù‰ Ø¨ÙˆØ§Ø¯Ø±Ù‡ ..<br>Ø§Ù„Ù†ØªÙ† Ø³ØªÙƒÙˆÙ† Ù†Ù‡Ø§ÙŠØªÙ‡Ø§ Ø¨Ø¯ÙˆÙ† Ø­Ø±Ø¨... Ù…Ø¹Ø²ÙˆÙ„Ø© ÙˆÙ…Ù†Ø¨ÙˆØ¯Ø©,33,2026-01-16T23:06:35Z,neutral
sFMvGBkmqFU,UgzbOZbQEpjZIQB8e994AaABAg,@mhammedchioub717,Ø¥Ø³Ø±Ø§Ø¡ Ù‡ÙŠ Ø§Ù„ØªÙŠ ØªØ¯ÙØ¹ Ù„Ù„Ø­Ø±Ø¨,28,2026-01-16T23:24:54Z,neutral
sFMvGBkmqFU,UgyMDE5OLEph1jYN6_N4AaABAg,@MohammadAbedalhade,Ø§Ø³Ø±Ø§Ø¦ÙŠÙ„ ÙƒÙŠØ§Ù† ÙŠØ³Ø¹Ù‰ Ù„ØªØ¯Ù…ÙŠØ± Ø§Ù„Ø¹Ø§Ù„Ù…,58,2026-01-16T22:14:56Z,neutral
sFMvGBkmqFU,UgwmOuJbUiIbrvdrqHl4AaABAg,@ZahraaNawar-l3n,Ø§Ù„Ù„Ù‡Ù… Ø¹Ø¬Ù„ Ù„ÙˆÙ„ÙŠÙƒ Ø§Ù„ÙØ±Ø¬ ÙˆØ¬Ø¹Ù„Ù†Ø§ Ù…Ù† Ø£Ù†ØµØ§Ø±Ù‡ ÙˆØ£Ø¹ÙˆØ§Ù†Ù‡ Ø£Ù†Ùƒ Ø³Ù…ÙŠØ¹Ø£ ğŸ¤²ğŸ¼ğŸŒ¹,13,2026-01-17T02:53:24Z,neutral
sFMvGBkmqFU,UgxgyLlo4AYfKsSLbRN4AaABAg,@etedalmahfoud1972,ØªØ­ÙŠØ© Ù„Ø§Ø­Ø±Ø§Ø± ÙˆØ´Ø±ÙØ§Ø¡ Ø§Ù„Ø¹Ø§Ù„Ù…,19,2026-01-17T01:10:56Z,neutral
sFMvGBkmqFU,UgxLNNdpPrKuVk4Sva54AaABAg,@labbanimohammedtahar3423,Ø£Ù…Ø±Ù‡Ø§ Ø¨Ø§Øª Ù„Ø§ ÙŠØ®ÙÙ‰ Ø¹Ù„Ù‰ Ø§Ù„Ø¹Ù‚Ù„Ø§Ø¡ ØŒÙ‡ÙŠ Ù…Ù† Ø¬Ø±Øª Ø§Ù„ÙˆÙ„Ø§ÙŠØ§Øª Ø§Ù„Ù…ØªØ­Ø¯Ø© Ø§Ù„Ù‰ Ø£ÙØºØ§Ù†Ø³ØªØ§Ù† Ø«Ù… Ø§Ù„Ù‰ Ø§Ù„Ø¹Ø±Ø§Ù‚ ÙˆÙ‡ÙŠ ÙˆØ±Ø§Ø¡ Ù…ØµØ§Ø¦Ø¨ Ø§Ù„Ø¹Ø§Ù„Ù… .,26,2026-01-16T22:36:53Z,neutral
sFMvGBkmqFU,UgwXmj1xjrZH8A84fal4AaABAg,@Ø§Ù…Ø¬Ø¯-Ø¹5Ø³,Ø¥Ø³Ø±Ø§Ø¦ÙŠÙ„ Ø³Ø¨Ø¨ Ø¯Ù…Ø§Ø± Ø§Ù„Ø¹Ø±Ø¨ ÙˆØ¨Ù‚ÙŠØ§Ø¯Øª Ø§Ù„Ù…ØºÙÙ„ÙŠÙ† Ø§Ù„Ø§Ù…Ø±ÙŠÙƒØ§Ù† Ù‡ÙŠ Ø³Ø¨Ø¨ Ø®Ø±Ø§Ø¨ Ø§Ù„Ø¹Ø±Ø§Ù‚ ÙˆØ³ÙˆØ±ÙŠØ§ ÙˆÙ„Ø¨Ù†Ø§Ù† ÙˆØºØ²Ù‡ ÙˆØ§Ù„Ø£Ù† Ø§ÙŠØ±Ø§Ù† ÙˆØ§Ù„ÙŠÙ…Ù†  ÙˆØªØ­Ø§Ø±Ø¨Øª Ù…Ø¹ Ø§Ù„Ø§Ø±Ø¯Ù† ÙˆÙ…ØµØ± Ø¹Ù„Ù‰ Ø§Ù…Ø±ÙŠÙƒÙŠØ§ Ø§Ù† ØªØµØ­Ù‰ Ù…Ù† ØºÙÙ„ØªÙ‡Ø§ Ù„Ø§Ù†Ù†Ø§ Ù†Ø­Ù† Ø§Ù„Ø¹Ø±Ø¨ Ø§ØµØ¨Ø­Ù†Ø§ Ù†ÙƒØ±Ù‡ Ø§Ù…Ø±ÙŠÙƒÙŠÙ‡ Ø§ÙƒØ«Ø± Ù…Ù† Ø¥Ø³Ø±Ø§Ø¦ÙŠÙ„  Ø¨Ø³Ø¨Ø¨ Ø­Ù…Ø§Ù‚ØªÙ‡Ø§ Ù†Ø­Ù† Ø§Ù„Ø¹Ø±Ø¨ Ù…Ø³Ø§Ù„Ù…ÙˆÙ† ÙˆÙ„Ø§ Ù†Ø±ÙŠØ¯ Ø§Ù„Ø­Ø±Ø¨ Ù„ÙƒÙ†ÙƒÙ… Ø§ØªÙŠØªÙ… Ù…Ù† Ø§Ø®Ø± Ø§Ù„Ø¯Ù†ÙŠØ§ Ù„ÙƒÙŠ ØªØ¯Ù…Ø±Ùˆ Ø§ÙˆØ·Ø§Ù†Ù†Ø§ Ø¨Ø³Ø¨Ø¨ Ø¯ÙˆÙ„Ù‡ Ø§Ø±Ù‡Ø§Ø¨ÙŠÙ‡ ØªØ³ÙˆÙ‚ÙƒÙ… ÙƒÙ„ØºÙ†Ù… Ø§Ù„Ù‰ Ø§Ù„Ù…Ø³Ù„Ø® Ø£Ø³Ø£Ù„ Ø§Ù„Ù„Ù‡ Ø§Ù„Ø¹Ø¸ÙŠÙ… Ø§Ù† ÙŠÙƒÙÙŠÙ†Ø§ Ø´Ø±ÙƒÙ… ÙˆØ®ÙŠØ±ÙƒÙ…,20,2026-01-16T23:28:45Z,neutral
sFMvGBkmqFU,Ugw4xo7xhdnJgLojQHF4AaABAg,@rajihamid2988,IT S TIME TO CHANGE REGIMES IN USA UK # CITIZEN OF WORLD MUST SHOULD FIGHT NOW AGAINST ZION ISTE â¤,10,2026-01-17T01:35:55Z,neutral
sFMvGBkmqFU,UgxSVMXFaYcZU9zt7SJ4AaABAg,@majidmass3124,â¤ğŸ‰â¤Ù‡Ø§ Ù‡Ù… Ø§Ù„Ø§Ø¨Ø·Ø§Ù„ ÙˆØ§Ù„Ø§Ø­Ø±Ø§Ø± ÙˆØµÙ„ÙˆÙˆÙˆ  ÙˆØªÙƒÙ„Ù…ÙˆØ§ Ø§Ù„Ø­Ù‚ÙŠÙ‚Ù‡â¤ğŸ‰â¤,4,2026-01-17T09:00:54Z,neutral
sFMvGBkmqFU,UgxgyARpylV2S7f3Sal4AaABAg,@ZahraaNawar-l3n,Ø§Ù„Ù„Ù‡Ù… Ø§Ø­ÙØ¸ Ø§Ù„Ø¬Ù…Ù‡ÙˆØ±ÙŠÙ‡ Ø§Ù„Ø£Ø³Ù„Ø§Ù…ÙŠÙ‡ ÙˆÙ†ØµØ±Ù‡Ù… Ø¨Ù†ØµØ±Ùƒ ÙˆØ­ÙØ¸Ù‡Ù… Ø¨Ø­ÙØ¸Ùƒ ÙˆØ±Ø¹Ø§ÙŠØªÙƒ ÙˆØ£Ù…Ø§Ù†Ùƒ ÙˆØ£Ù…Ø§Ù†Ùƒ ÙˆØ¹Ø¬Ù„ Ù„ÙˆÙ„ÙŠÙƒ Ø§Ù„ÙØ±Ø¬ ÙˆØ¬Ø¹Ù„Ù†Ø§ Ù…Ù† Ø£Ù†ØµØ§Ø±Ù‡ ÙˆØ£Ø¹ÙˆØ§Ù†Ù‡ Ø£Ù†Ùƒ Ø³Ù…ÙŠØ¹Ø£ Ù…Ø¬ÙŠØ¨ ğŸ¤²ğŸ¼ğŸ¤²ğŸ¼,11,2026-01-17T02:53:51Z,neutral
sFMvGBkmqFU,UgxmWz-GFDqI2-ZL2N14AaABAg,@hassanachour7505,Free palestine â¤â¤,22,2026-01-16T22:26:18Z,neutral
sFMvGBkmqFU,UgyzGlUWXID1oGo_vNF4AaABAg,@AliAli-z2m7u,Ù„Ø§Ø­ÙˆÙ„ ÙˆÙ„Ø§ Ù‚ÙˆØ© Ø§Ù„Ø§ Ø¨Ø§Ù„Ù„Ù‡ Ø§Ù„Ø¹Ù„ÙŠ Ø§Ù„Ø¹Ø¸ÙŠÙ… Ø­Ø³Ø¨Ù†Ø§ Ø§Ù„Ù„Ù‡ ÙˆÙ†Ø¹Ù…Ù‡ Ø§Ù„ÙˆÙƒÙŠÙ„ Ø¹Ù„Ù‰ ÙƒÙ„ Ø¸Ø§Ù„Ù…,2,2026-01-17T10:33:20Z,neutral
sFMvGBkmqFU,UgyTPc49xU9V6tnkzo14AaABAg,@user-apohuda1547,Ø§Ø³Ø±Ø§Ø¦ÙŠÙ„ Ø§Ù†ØªÙ‡Øª ÙÙŠ Ø¹Ù‡Ø¯ Ø§Ù„Ù†ØªÙ† ÙŠØ§Ù‡Ùˆ <br>ÙˆÙŠØ±ÙŠØ¯ Ø¬Ø± Ø§Ù…Ø±ÙŠÙƒØ§ Ù„Ù„Ù†Ù‡Ø§ÙŠØ© ÙÙŠ Ø¹Ù‡Ø¯ Ø§Ù„Ù…Ø·ÙŠØ¹ Ù„Ù‡ ØªØ±Ø§Ù…Ø¨,5,2026-01-16T23:40:05Z,neutral
sFMvGBkmqFU,UgxZoQAtQ--MVt8Vi2N4AaABAg,@Farahan4785,Ø­Ø³Ø¨Ù†Ø§ Ø§Ù„Ù„Ù‡ ÙˆÙ†Ø¹Ù… Ø§Ù„ÙˆÙƒÙŠÙ„,1,2026-01-17T05:18:19Z,neutral
sFMvGBkmqFU,UgzhuM7J4sZlUDw0rvJ4AaABAg,@HamedaFathy,ğŸ‘ğŸ‘ğŸ‘ğŸ‘ğŸ‘ğŸ‘ğŸ‘ğŸ‘ğŸ‘ğŸ‘ğŸ‘ğŸ‘ğŸ‘ğŸ‘,4,2026-01-16T22:42:01Z,neutral
sFMvGBkmqFU,UgwpYSP5jyTwNsjp-dp4AaABAg,@ZahraaNawar-l3n,Ø§Ù„Ù„Ù‡Ù… Ø§Ø­ÙØ¸ Ø¹Ù„Ù…Ø§Ø¦Ù†Ø§ ÙˆÙ…Ù‚Ø¯Ø³Ø§ØªÙ†Ø§ ÙˆØ®Ø°Ù„ Ø£Ø¹Ø¯Ø§Ù‡Ù… ÙˆØ´ØºÙ„Ù‡Ù… Ø¨Ø£Ù†ÙØ³Ù‡Ù… ÙˆÙØ´Ù„ Ø®Ø·Ø·Ù‡Ù… ÙˆØ¶Ø±Ø¨ Ø§Ù„ÙƒØ§ÙØ±ÙŠÙ† Ø¨Ø§Ù„ÙƒØ§ÙØ±ÙŠÙ† ğŸ¤²ğŸ¼ğŸ¤²ğŸ¼,1,2026-01-17T02:52:53Z,neutral
sFMvGBkmqFU,UgyT8lIZieHvGw9vtp14AaABAg,@WalidElakkoumi,Ø§Ø­Ø³Ù†ØªÙ…,1,2026-01-17T06:55:48Z,neutral
sFMvGBkmqFU,UgyI3GVmBaLmd1jpaBt4AaABAg,@Ø­Ø³ÙŠÙ†-Ù†3Ø­6Ø¨,Ù†ØµØ± Ø§Ù„Ù„Ù‡ Ø§Ù„Ø¬Ù…Ù‡ÙˆØ±ÙŠØ© Ø§Ù„Ø§Ø³Ù„Ø§Ù…ÙŠØ©,1,2026-01-17T07:07:26Z,neutral
sFMvGBkmqFU,Ugym2q5KQ7lDPUBiC0J4AaABAg,@Rosey-123,ÙØ¹Ù„Ø§,1,2026-01-17T03:27:46Z,neutral
sFMvGBkmqFU,UgzREdFEclC2SoIyRhB4AaABAg,@nithal534,"The United States is Israel&#39;s puppet Israel controlled the United States, especially with problems president Mr. Trump. He is a puppet look. What happened after Israel? Prime Minister came to Florida to visit him. He started his nonsense otherwise they will blackmail him. He has to do what Israel says Israel&#39;s first",16,2026-01-16T21:53:28Z,neutral
sFMvGBkmqFU,UgxNVZVcY8lY-jl9vtl4AaABAg,@mohamedgamir4039,Ø§Ù„Ù„Ù‡Ù… Ø£Ø¬Ø¹Ù„ ÙƒÙŠØ¯Ù‡Ù… ÙÙŠ Ù†Ø­ÙˆØ±Ù‡Ù… ØŒØŒ,0,2026-01-17T12:06:54Z,neutral
sFMvGBkmqFU,UgwR4j8Z-_TSvfDUl8J4AaABAg,@AbdelraniEto,ØªØ­ÙŠØ© ØªÙ‚Ø¯ÙŠØ± ÙˆØ§Ø­ØªØ±Ø§Ù… Ù„ÙƒÙ„ Ø£Ø­Ø±Ø§Ø± Ø§Ù„Ø¹Ø§Ù„Ù….,0,2026-01-17T14:46:57Z,neutral
sFMvGBkmqFU,UgwG77Dw3rn_3tGbVm14AaABAg,@Kuser541,"God Almighty the greatest, there is no God but the only greatest God the prevailing creator of the highest heaven and the earth and the in between them ,may peace and prayers be upon our prophet Muhammad and his Pure Infallible Households.",3,2026-01-17T00:53:02Z,neutral
sFMvGBkmqFU,UgzB1zOZ_Evvl5I04k94AaABAg,@elizabethmikhail3255,ğŸ‘ğŸ‘ğŸ‘ğŸ‘âœ…âœ…âœ…âœ…ğŸ’—â¤ï¸â™¥ï¸,2,2026-01-16T22:29:18Z,neutral
sFMvGBkmqFU,UgynT6kWq3OOvPm_-Cl4AaABAg,@RedoneLabred,ğŸ‘ğŸ‘ğŸ‘ğŸ‘ğŸ‘ğŸ‘ğŸ‘ğŸ‘,2,2026-01-16T22:15:24Z,neutral
EcMCkJDcdH4,Ugy8aw_ziQ_dWlPtZst4AaABAg,@SandrineDec,GOD BLESS  IRAN  AND IRANIANS PEOPLE.,10,2026-01-16T21:41:43Z,neutral
EcMCkJDcdH4,UgzleOHxDa91OdjbctZ4AaABAg,@SoheilaNouri,"Always diplomasy should be considered first. Yes, stops conflict.",2,2026-01-17T06:18:17Z,neutral
EcMCkJDcdH4,UgwaZ-wvG6aO_BTD-Gd4AaABAg,@cnccarving,netanyahu just learnt about the boom boom tel aviv extended version,2,2026-01-17T01:21:49Z,neutral
EcMCkJDcdH4,UgyH1_YoBnoSd-2bQPd4AaABAg,@johnk5829,"Thank you, Mr. Putin of Russia stop the west from attacking Iran ğŸ‡®ğŸ‡· â¤ Canada ğŸ‡¨ğŸ‡¦",3,2026-01-16T22:16:09Z,neutral
EcMCkJDcdH4,UgxF5cR6yV3u0v12of94AaABAg,@magnaestveritasetpraevalet1077,Diplomacy for peace and justice should always be the primary option.<br>A conflict may harbour more hostilities and may lead to confrontation ultimately. Confrontation always comes with a high cost and collateral damage.,2,2026-01-16T22:12:53Z,neutral
EcMCkJDcdH4,UgxfiaxorIOuM9cfsHB4AaABAg,@calvinbaksh4317,"People can think whatever the want about Putin,  but he&#39;s one  wise man. Seeing the big picture and warning hot heads to deescalate all this insanity before we all become extinct, like the dinosaurs.",4,2026-01-16T22:50:21Z,neutral
EcMCkJDcdH4,Ugy2YnBpSqJD9t8kA9V4AaABAg,@KarinBester-l9r,Russia ğŸ‡·ğŸ‡º â¤â¤â¤ğŸ‰ğŸ‰,7,2026-01-16T21:03:22Z,neutral
EcMCkJDcdH4,Ugwyn2pX5Pv_Y6RsMTZ4AaABAg,@MohammedRahman-o4n,Ofcourse dialogue could stop war. It is beneficial to both parties. No matter what any one else saying!,2,2026-01-16T22:02:42Z,neutral
EcMCkJDcdH4,UgxRHCb1luumPmKGaup4AaABAg,@sardaralikhan8325,Always diplomacy works better,0,2026-01-17T12:09:25Z,neutral
EcMCkJDcdH4,Ugy5RA8zmWFgEFHYVgl4AaABAg,@marciafoggie304,Absolutely ğŸ’¯,0,2026-01-17T04:53:36Z,neutral
EcMCkJDcdH4,UgwQDgKs899IWIn_NKB4AaABAg,@BerhaneHabteghergis,Yes,0,2026-01-16T23:47:33Z,neutral
EcMCkJDcdH4,UgxrxHrdjyXLECfBKF54AaABAg,@lovepotion966,Why do these people loves war so much ?,0,2026-01-17T02:23:45Z,neutral
EcMCkJDcdH4,UgywX__Ykrb7H7D-6k54AaABAg,@awadayyad9765,The de-escalation is very important for the shipments of oil  to Europe in this cold winter otherwise they have to freeze to death if something happened in the Middle East,1,2026-01-16T22:40:55Z,neutral
EcMCkJDcdH4,UgwIxnuwU_GJ6mQgoFh4AaABAg,@SamuelDowell,Diplomacy can stop wall,0,2026-01-17T15:02:07Z,neutral
EcMCkJDcdH4,UgyRv9AfgLmducB-vJJ4AaABAg,@VasvaSchulz,Diplomacy can stop the war,0,2026-01-17T06:41:19Z,neutral
EcMCkJDcdH4,UgwlBJXcbCpHa0i5HYR4AaABAg,@RichardBlair-b7q7p,"Did it stop America and NATO from killing dadsm, and gadif fey and many other and what about the second world war prime minister of England Mr Chamber Lyn he came back with a white flag and waving it up high and saying there would be no war, but Hitler was in Poldland did deplumecy work wo give me a break",1,2026-01-16T22:40:11Z,neutral
EcMCkJDcdH4,UgzIA6r7b0f4f0py_Mp4AaABAg,@emole9511,The American and Isreali apartheid regime of Israel want only one thing.War!!!ğŸ‡®ğŸ‡·ğŸ‡·ğŸ‡ºğŸ‡¨ğŸ‡³â¤ï¸â¤ï¸â¤ï¸,1,2026-01-16T23:15:47Z,neutral
EcMCkJDcdH4,Ugx6SGjUaG-VJcNi5Y54AaABAg,@RichardBlair-b7q7p,Let&#39;s us be fair what did the palastians did to Israel and what did Iran do to Israel and America there countries were bomb and saddam and Gaddafi were killed like dogs and like an animal did deplumecy work wo give me a break,1,2026-01-16T22:47:51Z,neutral
EcMCkJDcdH4,Ugwxa6WxRsq1njVP9K14AaABAg,@vlastaamina-moro2062,"Kurd a other minorities started demonstrationsâ€¦ but interesting , for 13 years ago in Turkey happened same event because of minorities strikeâ€¦ ğŸ¤·ğŸ»â€â™€ï¸",0,2026-01-17T01:38:15Z,neutral
EcMCkJDcdH4,UgxrBBmuWUCP5buGLs14AaABAg,@MohammedRahman-o4n,This war mongering Netanyahu would like to have a war which benefits him and only him. He and state of Israel are not good for peace and safeey of the world. You know what you have to do now!,1,2026-01-16T22:30:26Z,neutral
EcMCkJDcdH4,UgzH1uK4og_mnqpnquB4AaABAg,@robertcameron2190,Oh yeah. ..the game goes on.,0,2026-01-16T22:08:01Z,neutral
EcMCkJDcdH4,UgxhnPf67uCjJx-JCvJ4AaABAg,@MohammedRahman-o4n,Russia is doing what any sensible people will do. Unlike war mongering and world gangsta hero Trump is thinking. We hope and pray that he is either impeached or removed from power and let the world become peaceful. Amen,1,2026-01-16T22:12:34Z,neutral
EcMCkJDcdH4,Ugy3cbcgfD1_An7MWSN4AaABAg,@masseysubra3165,"War is a way to make lots of money. Rothschild said &quot;if my children don&#39;t like wars, I do not want any of them in my family&quot;.",0,2026-01-17T12:29:38Z,neutral
EcMCkJDcdH4,UgwcXpxU8BlpUgsWg654AaABAg,@dunloplego,Time for talk is running out. Talking is only delaying the inevitable. Israel can never be trusted  so Iran must resist.,0,2026-01-17T01:31:49Z,neutral
EcMCkJDcdH4,UgxTnsL4m5mp6uChWZF4AaABAg,@AsuoAfram-s4e,God bless PRESIDENT PUTIN,0,2026-01-17T07:21:55Z,neutral
EcMCkJDcdH4,Ugy2iwz8FpHQTgycEIF4AaABAg,@masseysubra3165,"Way to go Putin, you are the man in 2026",0,2026-01-17T12:26:23Z,neutral
EcMCkJDcdH4,UgyL4e-0JuEcU7Hi1NZ4AaABAg,@MohammedRahman-o4n,Russia is doing what any sensible people will do. Unlike war mongering and world gangsta hero Trump is thinking. We hope and pray that he is either impeached or removed from power and let the world become peaceful. Amen,1,2026-01-16T22:12:34Z,neutral
Sm7XLPkSGTc,Ugw0chJ5nOKwm8Eu5G14AaABAg,@Strategic-Agenda,"Wars rarely have real winners.<br>Some may benefit in the short term, but societies pay the price for decades.<br>If you want a deeper analysis of this topic, the full video is available on the channel.",0,2026-01-17T11:36:00Z,neutral
Sm7XLPkSGTc,UgydaX4Pf_7FuPQmMql4AaABAg,@mehdipireh8159,No one have any benefit from war.,2,2026-01-17T04:01:05Z,neutral
Sm7XLPkSGTc,Ugwioxqy2K8bFsfm44p4AaABAg,@marct6228,Thanks for the heads up. So Blackrock and everyone else can sell stuff.,0,2026-01-17T04:24:58Z,neutral
PImTZVon8Vw,UgxqfdfN3gquMd39VNl4AaABAg,@ÙˆÙØ§Ø¡Ø§Ù†Ø·Ø§ÙƒÙ„ÙŠ,Ø§Ø®Ø±Ø§Ø¡ ÙØ±Ø¯Ø© Ø­Ø°Ø§Ø¡ Ù…Ù† Ø§ÙŠØ±Ø§Ù†  Ù„Ø§ ØªÙƒØ§ÙØ¤ Ø¨ÙŠÙ†Ù‡Ù…,1,2026-01-17T09:12:17Z,neutral
ZrLcPOuAIOw,Ugzuie8XT8nZEttmyu14AaABAg,@AriAshuri,Jadi serang Iran sama saja bunuh diri terhadap  roda perekonomian  global,8,2026-01-17T00:00:07Z,neutral
ZrLcPOuAIOw,UgwdWdXvyg8KPV5r0-V4AaABAg,@Komentarlogis,Asli nya begitu kalo tanpa dukungan,2,2026-01-17T04:09:36Z,neutral
ZrLcPOuAIOw,UgzZLB9kZFqunnyhGRt4AaABAg,@al-Khattabjunioral-Khattabseni,takut leeerr tuu...,5,2026-01-16T18:00:30Z,neutral
ZrLcPOuAIOw,Ugxb_G1ohlyj-A0mBXx4AaABAg,@MuhTaslimin,mana berani kalau kroni2nya gak ada yg mendukungğŸ˜‚ğŸ˜‚,4,2026-01-16T17:09:29Z,neutral
ZrLcPOuAIOw,UgzJLIEnOsa8_F0ZSIt4AaABAg,@eyunyun46,"kalau diserang, israhel takut dia pun akan diserang. dia sudah merasa gimana ngerinya bom arsenik iran yang bisa menembusi iron dome",2,2026-01-17T03:59:54Z,neutral
ZrLcPOuAIOw,UgyY4ivbjEz2Bjcy2Ex4AaABAg,@AliMudin-d1g,"star link milik elon mus di iran tidak berfungsi,..sehingga as buta membaca wilayah iran,..",2,2026-01-17T03:18:25Z,neutral
ZrLcPOuAIOw,UgznVXd0cSw05pqlVRl4AaABAg,@indahNajwa-tu4gn,Mungkin amerika takut bonyok jg.,1,2026-01-16T21:38:52Z,neutral
ZrLcPOuAIOw,UgzG_vS_yas7lypznYZ4AaABAg,@IwanKurniawan-q4n,ğŸ˜‚ğŸ˜‚ğŸ˜‚ğŸ˜‚ğŸ˜‚ğŸ˜‚ğŸ˜‚ğŸ˜‚ğŸ˜‚ğŸ˜‚ğŸ˜‚ğŸ˜‚ğŸ˜‚ğŸ˜‚ğŸ˜‚ğŸ˜‚ğŸ˜‚ğŸ˜‚ğŸ˜‚ğŸ˜‚ğŸ˜‚ğŸ˜‚ğŸ˜‚ğŸ˜‚ğŸ˜‚ğŸ˜‚ğŸ˜‚ğŸ˜‚ğŸ˜‚ğŸ˜‚ğŸ˜‚takut juga ma Iran si as ituğŸ¤­,1,2026-01-16T15:25:26Z,neutral
ZrLcPOuAIOw,Ugwj6pexGNGHl9wUye14AaABAg,@bobbysaloko5746,Kalau jadi israel yg paling beresiko telaviv luluhlantak oleh rudal iran,1,2026-01-16T14:30:06Z,neutral
ZrLcPOuAIOw,UgwPxfTCGEdVCEjEpMV4AaABAg,@MasriIbrahim-y4x,Israel sudah rasa kekuatan iran,1,2026-01-17T01:09:55Z,neutral
ZrLcPOuAIOw,Ugw_C5nC2ZjnDL8e-mV4AaABAg,@nockeynew9471,Kaan...gw bilang juga ape...trump beraninya kroyokan...klu sendirian kyk ucing garong ketahuan...ğŸ˜‚ğŸ˜‚ğŸ˜‚,1,2026-01-17T03:07:08Z,neutral
ZrLcPOuAIOw,Ugx8sqSKJH85O-eaUtd4AaABAg,@ila-m7v,Kebanyakan manusia ingin hidup aman dan damai....tapi satu orang ini pengennya perang terus....aneh emang....!!!,1,2026-01-17T02:59:19Z,neutral
ZrLcPOuAIOw,UgxWGRTuZGlXwZmrk094AaABAg,@bandachannel8913,G ada nyali Amerika ciut klu pun perang keroyokan lwan iran sendri takut,1,2026-01-17T02:10:12Z,neutral
ZrLcPOuAIOw,UgxCN3ZkwmYlbOkvbGN4AaABAg,@IbrahimMovic-u1t,Amerika takut Israel akan lenyap dihantam rudal Iran..,1,2026-01-17T02:27:34Z,neutral
ZrLcPOuAIOw,UgzarObaiUdvPkr4ZF94AaABAg,@bayskm9249,"Amerika serang iran,tapi nanti iran balas dendamnya sama israel rata kanan wkwkw",1,2026-01-16T14:35:11Z,neutral
ZrLcPOuAIOw,UgwCC2wm-8k_3dj2Nw54AaABAg,@BagasTunggul,Takut isriwil di rstskan sama iran,1,2026-01-16T16:00:01Z,neutral
ZrLcPOuAIOw,UgzAxOcAFu435rGotbx4AaABAg,@IwanKurniawan-q4n,Gayanya kaya orang jagoğŸ¤­ ternyata ciut juga nyali Amerika ituğŸ¤­,1,2026-01-16T15:26:31Z,neutral
ZrLcPOuAIOw,Ugy8mVQO_CW7DvwvQGl4AaABAg,@irawanirawan317,"Jangan percaya barat, Irak,Libya negara negara timteng dia hancurkan...sekali jangan percaya barat",1,2026-01-16T14:34:07Z,neutral
ZrLcPOuAIOw,UgyaHwYAffQi6mJEqz14AaABAg,@OmKemis,Ini semua akibat keserakahan presiden AS Donal trump buat malu rakyat AS di mata dunia.,1,2026-01-16T15:00:05Z,neutral
ZrLcPOuAIOw,UgwcyFPvDopgv9cfoGB4AaABAg,@Abdurahman-y1t,Rusia lg yg akan menghajarmuuuu Trump ğŸ˜‚ğŸ˜‚ğŸ˜‚,1,2026-01-17T07:09:39Z,neutral
ZrLcPOuAIOw,Ugz6vPisgeZrSsAnPLF4AaABAg,@pakagus1902,Begitu amerika serang iran.maka israel tinggal puing2 aj dan rata tanah,1,2026-01-17T05:04:42Z,neutral
ZrLcPOuAIOw,UgziBIIjTBVEb09ob2F4AaABAg,@MasriIbrahim-y4x,Mana dia berani Israel akan hilang iran sudah sedia,1,2026-01-17T01:08:49Z,neutral
ZrLcPOuAIOw,UgzfWwFBpm_ooNRlK1Z4AaABAg,@sacko1276,"Wahhh Reza Pahlevi kecewa berattt dooonggg, kan dia pengen menduduki kekuasaan",1,2026-01-16T14:29:51Z,neutral
ZrLcPOuAIOw,UgzlOPh3vKOpAbFf2il4AaABAg,@AliMudin-d1g,"starlink milik elon mus yg di manfaatkan as tidak berfungsi di iran,.sekarang as buta tentang iran,iran mematikan seluruh jaringan starlink milik elon mus,..karena star link sangat berbahaya bagi negara,..",1,2026-01-17T03:16:42Z,neutral
ZrLcPOuAIOw,UgwwG61E8Ego488aUaR4AaABAg,@solemansoleman5612,Skrangnah donal bubuk,1,2026-01-17T00:05:08Z,neutral
ZrLcPOuAIOw,Ugx8To0Z7oWkODmQeO54AaABAg,@wiratmaidabagus2015,Trump not power rangerğŸ˜›,0,2026-01-16T14:22:19Z,neutral
ZrLcPOuAIOw,UgypRMNk9Of1QnBwOdd4AaABAg,@fendyfendy3249,Bilang aja trauma dg ledakan perang 12 hari,0,2026-01-17T15:21:56Z,neutral
ZrLcPOuAIOw,UgwdVrZ_XUSkNEViCmt4AaABAg,@ynpofficial,Lari ketakutan dirudal iran ğŸ˜‚ğŸ˜‚ğŸ˜‚,1,2026-01-17T08:12:54Z,neutral
ZrLcPOuAIOw,UgyD37vMwWCTiusEjnt4AaABAg,@bbangkelings3556,Bilang aja takut ngeles mulu Donald bebek,1,2026-01-16T14:28:27Z,neutral
ZrLcPOuAIOw,UgwQXRzigM5xhHVv3NJ4AaABAg,@mototrailalan4338,Klu dh biasa menipu menipu Aja lah hidup nya...takut sebenar nya,1,2026-01-17T07:56:56Z,neutral
fhsqP6-7ND0,UgynhAXb_aTlNzgEUkd4AaABAg,@MDAli-pw9ft,Likeâ¤IRANâ¤â¤â¤â¤â¤,13,2026-01-16T15:43:21Z,neutral
fhsqP6-7ND0,UgyYXtky1DAKhTQ98UR4AaABAg,@mdYousuf-jt3jk,à¦‡à¦°à¦¾à¦¨ à¦œà¦¿à¦¨à§à¦¦à¦¾à¦¬à¦¾à¦¦,12,2026-01-16T14:57:50Z,neutral
fhsqP6-7ND0,UgxZBg8LNZQKqPm6SK94AaABAg,@dkdr213,à¦ à§‡à¦²à¦¾à¦° à¦¨à¦¾à¦® à¦¬à¦¾à¦¬à¦¾ à¦œà¦¿,9,2026-01-16T14:49:24Z,neutral
fhsqP6-7ND0,UgzVVbTIGtgIvuEwTVV4AaABAg,@humayunkabir-cw8xi,This is true.,5,2026-01-16T14:13:34Z,neutral
fhsqP6-7ND0,UgwrgXdMJ5KoUvfKpR94AaABAg,@md.giasuddin-ry6oy,à¦†à¦²à§à¦²à¦¾à¦¹ à¦‡à¦°à¦¾à¦¨à§€à¦¦à§‡à¦° à¦¬à¦¿à¦œà§Ÿà§€ à¦•à¦°à§‡ à¦¦à¦¿à¦¨ à¦†à¦®à¦¿à¦¨à¥¤,2,2026-01-17T03:30:41Z,neutral
fhsqP6-7ND0,Ugy1RA88HjplUbeH1S54AaABAg,@RakibLifestyle234,Mashaallah <br>Alhamdulillah,0,2026-01-16T20:42:09Z,neutral
fhsqP6-7ND0,Ugz7RYkcQAar4AsjDCp4AaABAg,@MuradSarkar-p2h,â¤â¤â¤â¤â¤â¤à¦†à¦²à¦¹à¦¾à¦®à¦¦à§à¦²à¦¿à¦²à§à¦²à¦¾à¦¹ à¦†à¦²à¦¹à¦¾à¦®à¦¦à§à¦²à¦¿à¦²à§à¦²à¦¾à¦¹ à¦¯à¦¾à¦¤à§‡ à¦•à§‹à¦¥ à¦†à¦®à§‡à¦°à¦¿à¦•à¦¾ à¦‡à¦°à¦¾à¦¨à¦•à§‡ à¦¬à¦²à¦¤à§‡ à¦­à¦¬à¦¿à¦·à§à¦¯à¦¤à§‡ à¦¦à§à¦¬à¦¿à¦§à¦¾à¦¬à§‹à¦§ à¦•à¦°à§‡ à¦šà¦¿à¦¨à§à¦¤à¦¾ à¦•à¦°à§‡ à¦à¦Ÿà¦¾ à¦®à§à¦¸à¦²à¦®à¦¾à¦¨à§‡à¦° à¦…à¦¹à¦‚à¦•à¦¾à¦° à¦•à¦°à¦¬à§‹ à¦‡à¦¨à¦¶à¦¾à¦†à¦²à§à¦²à¦¾à¦¹ â¤â¤â¤â¤â¤,1,2026-01-17T07:07:10Z,neutral
fhsqP6-7ND0,UgwbE51rPkp1fr-H2WN4AaABAg,@MdMedediHasan-f8y,good,1,2026-01-16T19:27:06Z,neutral
fhsqP6-7ND0,Ugx9ePqlxiGS4WI1vmN4AaABAg,@MonchurAhmed-v9o,à¦†à¦² à¦¹à¦¾à¦®à¦¦à§ à¦²à¦¿à¦²à§à¦²à¦¾à¦¹,0,2026-01-17T01:29:26Z,neutral
fhsqP6-7ND0,Ugyn0d1f6LEi9vmQ-2N4AaABAg,@titomahavub,Power +  P R,0,2026-01-16T14:40:33Z,neutral
fhsqP6-7ND0,UgwC_7tPMi_cy2rNvZF4AaABAg,@XyZXyZ-h7s2m,ğŸ˜®,0,2026-01-17T17:05:29Z,neutral
fhsqP6-7ND0,UgxAUbs-8X6zFEtoE2h4AaABAg,@terryadkins9831,I can&#39;t watch the video I can&#39;t understand jibber,1,2026-01-16T16:44:36Z,neutral
fhsqP6-7ND0,Ugy7VxbL-QAh0Vhz9454AaABAg,@GolamKibriya-ub6nq,à¦†à¦®à§‡à¦°à¦¿à¦•à¦¾ à¦®à¦¨à§‡ à¦•à¦°à¦›à§‡ à¦†à¦®à¦°à¦¾ à¦¹à¦¾à¦®à¦²à¦¾ à¦•à¦°à§‡à¦‡ à¦¯à§à¦¦à§à¦§ à¦¬à¦¿à¦°à¦¤à¦¿ à¦˜à§‹à¦·à¦£à¦¾ à¦•à¦°à¦¬à§‹à¥¤,0,2026-01-17T03:18:26Z,neutral
fhsqP6-7ND0,UgwUd4CKy87-_iljBCN4AaABAg,@mdsanaullahchowdhury1458,à¦¶à§à¦§à§ à¦¤à§‡à¦² à¦¬à¦¿à¦•à§à¦°à¦¿ à¦•à¦° à¦†à¦° à¦…à¦¸à§à¦° à¦®à¦œà§à¦¦ à¦•à¦°,0,2026-01-17T06:26:14Z,neutral
fhsqP6-7ND0,UgwFvQm-A99cQgReYlZ4AaABAg,@toyebali3947,à¦‡à¦°à¦¾à¦¨  à¦‡à¦¸à¦°à¦¾à¦‡à¦² à¦•à§‡ à¦®à§à¦›à§‡ à¦¦à¦¿à¦¯à¦¼à§‡ à¦à¦•à¦Ÿà¦¾ à¦¸à¦ à¦¿à¦• à¦¸à¦¿à¦¦à§à¦§à¦¾à¦¨à§à¦¤ à¦¨à¦¿à¦¤à§‡ à¦ªà¦¾à¦°à§‡à¥¤,0,2026-01-17T01:47:12Z,neutral
fhsqP6-7ND0,UgwnVa9nMNiJ8GSQi7Z4AaABAg,@gaishuddin2368,à¦«à¦¾à¦²à¦¤à§ à¦–à¦¬à¦°,0,2026-01-16T13:48:14Z,neutral
fhsqP6-7ND0,Ugy-Dpga6IQuMIOwvtp4AaABAg,@agritech7908,Israel distroy chayâ¤,0,2026-01-17T17:23:52Z,neutral
fhsqP6-7ND0,UgzTetqquu-Y8z7ZP514AaABAg,@RajaMiyaKhan-t5y,à¦ à§‡à¦²à¦¾à¦° à¦¨à¦¾à¦® à¦¬à¦¾à¦¬à¦¾à¦œà¦¿ ğŸ˜Š à¦•à§‡à¦®à¦¨ à¦ à§‡à¦•à¦¾à¦¯à¦¼ à¦‡à¦¸à¦°à¦¾à¦‡à¦² ğŸ˜Š à¦†à¦° à¦¹à¦¬à§‡ à¦¨à¦¾ ğŸ˜Š à¦¸à§‡à¦¦à¦¿à¦¨ à¦¬à§‡à¦¶à¦¿ à¦¦à§‚à¦°à§‡ à¦¨à¦¯à¦¼ à¦¯à§‡à¦¦à¦¿à¦¨ à¦…à¦¬à¦¶à§à¦¯à¦‡ à¦®à§à¦¸à¦²à¦¿à¦® à¦¦à§‡à¦° à¦œà¦¯à¦¼ à¦¹à¦¬à§‡ ğŸ˜Š à¦¸à§‡à¦¦à¦¿à¦¨ à¦šà¦²à§‡ à¦†à¦¸à¦›à§‡ à¦–à§à¦¬ à¦¨à¦¿à¦•à¦Ÿà§‡ ğŸ˜Š,0,2026-01-17T16:08:33Z,neutral
U9RRiDlw4aQ,UgzcnLmFdaC8FpAvErB4AaABAg,@rogerproverbs7598,How much is to much be very careful what you wish for it been written,1,2026-01-17T02:38:47Z,neutral
U9RRiDlw4aQ,UgyYZ4ida4YpXXEFKxB4AaABAg,@qurashiatiq2064,us is just creating cous in region nothing more then that is knows very well what iran will do with us,1,2026-01-16T13:53:32Z,neutral
U9RRiDlw4aQ,Ugw_TEl-NwhEsGkoI2t4AaABAg,@nogayetine-h5w,â¤â¤â¤love iran grande peye islamique machallah â¤â¤â¤,1,2026-01-16T13:49:21Z,neutral
U9RRiDlw4aQ,UgxSmu2zyaBLUYgHyG54AaABAg,@FreedomUSA12,â¤â¤,0,2026-01-16T16:23:08Z,neutral
U9RRiDlw4aQ,UgxuGhWoL0G5_XYwXix4AaABAg,@Taai2024,Let America strike and see the consequences ğŸ˜‚<br>Iran will fire all Americans bases immediately <br>Israel will be wiped out,4,2026-01-16T14:59:05Z,neutral
U9RRiDlw4aQ,Ugz4PrRCEAz_r3RH5jJ4AaABAg,@sheldonbowman46,U talking nonsense US trying to keep his word to iranians but circumstances is what keeping the US hand from acting.,1,2026-01-16T13:40:50Z,neutral
U9RRiDlw4aQ,Ugz_fli_YYtDdVxv5e14AaABAg,@MohdsaleemPalla,"Find a job in some other field, media is not for you",1,2026-01-16T14:44:16Z,neutral
U9RRiDlw4aQ,UgzcAAYkocmOQ4DVhJt4AaABAg,@hindhtvaterrorism4559,Whatva waste of time and money ğŸ˜… as if anyone is going to be there when he hits ğŸ˜…,0,2026-01-16T16:07:21Z,neutral
U9RRiDlw4aQ,UgxbYY2UDRdwwCPJ7HV4AaABAg,@akashyadav-ok6fu,"Probably no fight now, israel has tested the nuclear bomb (allegedly) and middle east countries have said no to any support to US forces",0,2026-01-16T13:25:13Z,neutral
U9RRiDlw4aQ,Ugw_F-fznJAW1sMuUUl4AaABAg,@mallehkeita8445,"Don&#39;t listen Trump too much, he knows what Iran is capable of doing. We pray no more way.",0,2026-01-17T08:50:26Z,neutral
U9RRiDlw4aQ,UgznWylW8Dp4I8tsOrx4AaABAg,@StevenMchale-ki8wb,"Stop calling the Iranian leader supreme. It is ridiculous. He is not supreme, nor is he a good leader, just say the leader of Iran or President. Every time you call him a supreme leader, it gives him more ego.",1,2026-01-16T13:37:00Z,neutral
U9RRiDlw4aQ,Ugy7DaMR-Ri-MPWecrN4AaABAg,@sarbantz,Only India can save the world from WW3!,0,2026-01-16T14:35:37Z,neutral
U9RRiDlw4aQ,Ugzdt7lVBiizy6uKBal4AaABAg,@JPx-3,Congratulations ğŸ‰Mr. Trump .,0,2026-01-16T14:30:39Z,neutral
